gene_id,s1,s10,s11,s12,s2,s3,s4,s5,s6,s7,s8,s9
Cers6,1833,2077,1812,1189,1349,1306,1377,2209,2036,1798,4167,1947
Gm14023,13,13,7,11,5,3,4,9,0,9,10,19
Bpifb3,0,0,0,0,0,0,0,0,0,0,0,0
Bpifb2,0,0,0,0,0,0,0,0,0,0,0,0
Bpifb1,0,12,28,0,5,144,15,49,84,3,16,29
Olfr1290,0,0,0,0,0,0,0,0,0,0,0,0
Olfr1297,0,0,0,0,0,0,0,0,0,0,0,0
Bpifb6,0,0,0,0,0,0,0,0,0,0,0,0
Olfr1295,0,0,0,0,0,0,0,0,0,0,0,0
Bpifb4,2,0,0,0,0,0,0,0,0,0,0,0
Olfr1299,0,0,0,0,0,0,0,0,0,0,0,0
Olfr1298,0,0,0,0,0,0,0,0,0,0,0,0
Olfr1051,0,0,0,0,0,0,0,0,0,0,0,0
Olfr1053,0,0,0,0,0,0,0,0,0,0,0,0
Olfr1052,0,0,0,0,0,0,0,0,0,0,0,0
Olfr1055,0,0,0,0,0,0,0,0,0,0,0,0
Olfr1054,0,0,0,0,0,0,0,0,0,0,0,0
Olfr1057,0,0,0,0,0,0,0,0,0,0,0,0
Olfr1056,0,0,0,0,0,0,0,0,0,0,0,0
Olfr1058,0,0,0,0,0,0,0,0,0,0,0,0
Mir2861,4,5,5,10,3,3,13,4,4,5,4,13
R3hdml,0,0,0,0,0,0,0,0,0,0,0,0
B2m,22952,42027,36653,24072,22165,17887,22387,91467,100580,74938,155866,35299
Gm14440,1057,1482,948,765,908,812,714,717,702,641,1380,1036
Them7,0,0,0,0,0,0,0,0,0,0,0,0
Gm14151,0,0,0,0,0,0,0,0,0,0,0,0
Samd10,11,17,21,19,21,19,11,10,11,15,21,28
Ubac1,610,640,560,483,583,513,530,569,767,454,994,721
Cstf1,641,678,589,445,465,407,501,590,711,482,1007,629
Cstf3,407,530,400,328,387,334,412,544,640,393,836,419
Gad1os,0,0,0,0,0,0,0,0,0,0,4,0
Ocstamp,0,0,0,0,0,0,0,0,0,0,0,0
Mettl8,128,206,160,138,141,107,141,175,214,124,251,203
Cebpb,11873,9998,7142,8831,8334,5619,10923,7699,7631,4601,14406,10840
Acvr1,1797,1467,1702,1257,1765,1417,1883,1404,1371,1198,2372,1741
Vps18,973,986,828,713,817,660,742,792,946,560,1321,925
Fubp3,1295,1421,1196,971,1008,1002,1133,1311,1458,1126,2321,1207
Mettl5,138,198,128,113,157,135,114,164,136,97,219,153
Slc25a12,1111,1439,1194,926,946,927,1062,1017,1165,778,1520,1380
Rtel1,853,985,784,745,747,571,650,794,999,701,1445,799
Nmt2,1134,1132,1046,973,1090,1042,1163,941,1065,839,1759,1153
Aven,270,305,245,190,232,223,242,324,344,190,461,318
Bpifb5,0,0,0,0,0,0,0,0,0,2,0,0
Olfr1294,0,0,0,0,0,0,0,0,0,0,0,0
March7,1087,1349,1100,868,762,934,941,1026,1054,829,1595,1268
Sstr4,0,3,4,5,2,1,2,2,2,0,0,4
Rbck1,2513,2712,2366,2025,2089,1885,2012,2237,2487,1561,3590,2744
Rabgap1,1789,2078,1977,1346,1523,1455,1695,1700,1868,1417,2848,2037
Npdc1,2667,3477,3156,2838,2437,2190,2460,2217,2580,1531,3142,3458
Spo11,0,0,0,0,0,0,0,0,0,0,0,0
Zswim1,262,303,272,197,234,191,211,236,248,154,368,271
Zswim2,0,0,0,0,0,0,0,0,0,0,0,0
Zswim3,183,173,179,145,130,99,128,142,157,83,215,173
Hoxd3os1,0,0,0,0,0,0,0,0,0,0,0,0
Ppp1r16b,64,58,57,41,25,46,14,65,32,22,107,101
Ndrg3,1520,1874,1749,1271,1348,1222,1379,1610,1931,1048,2392,1902
Ttc30a2,181,202,196,128,142,128,147,138,160,92,153,193
Ttc30a1,189,223,216,163,165,145,173,201,234,122,229,243
Madd,396,386,273,319,315,290,305,390,389,257,692,355
H13,4150,4295,4106,3197,3553,2842,3620,4431,4641,3095,7757,4460
Rpap1,931,1012,784,693,800,696,661,917,1095,698,1552,876
Klhl41,0,8,2,0,3,0,2,4,10,0,5,4
4933406J08Rik,0,0,0,0,0,0,0,0,0,0,0,0
Lama5,2255,2379,1839,1750,1231,1393,1547,3725,5032,1921,7183,1869
Tshz2,2839,3762,3345,2692,2727,2477,2983,2320,2539,2097,4344,3749
Mir133a-2,0,0,0,0,0,0,0,0,0,0,0,0
Foxs1,137,157,202,140,155,146,177,195,256,71,260,175
Sall4,0,0,0,0,0,0,0,0,0,0,0,0
Arhgap11a,50,78,47,37,68,51,58,210,380,257,340,48
Stx16,817,1726,1276,1303,1494,1119,1389,1355,1424,1072,2318,1529
4930443O20Rik,0,0,5,3,0,0,3,0,0,4,10,0
Slc17a9,31,58,23,32,43,19,29,81,95,81,166,24
Srms,0,5,0,0,0,0,0,0,0,4,3,0
P2rx3,2,0,3,6,8,3,4,6,8,3,14,0
Olfr1197,0,0,0,0,0,0,0,0,0,0,0,0
Spint3,0,0,0,0,0,0,0,0,0,0,0,0
Spint1,0,4,6,0,0,3,8,2,6,0,10,5
Spint4,0,0,0,0,0,0,0,0,0,0,0,0
8030442B05Rik,0,5,3,0,0,0,0,3,0,0,0,0
Psmd5,917,1134,893,704,777,733,868,1065,1222,737,1545,987
Ralgps1,117,169,136,129,154,103,144,84,103,46,160,173
Mir147,0,1,1,2,0,1,1,1,1,1,1,1
Agpat2,653,692,610,533,535,509,589,685,723,539,1357,714
Stam,1099,1281,1123,922,1062,1003,1022,1074,1065,723,1562,1215
Lcn5,0,0,0,0,0,0,0,0,0,0,0,0
Lcn4,0,0,0,0,0,0,0,0,0,0,0,0
Lcn6,0,0,0,0,0,0,0,0,0,0,0,0
Lcn3,0,0,0,0,0,0,0,0,0,0,0,0
Itpripl1,151,172,189,135,159,120,180,164,245,129,298,147
Prpf18,1223,1472,1201,950,1181,1036,1063,1058,1135,818,1712,1418
Lcn9,0,0,0,0,0,0,0,0,0,0,0,0
Lcn8,0,0,0,0,0,0,0,0,0,0,0,0
Tmem203,307,362,293,209,233,223,216,250,274,218,373,299
Gm16796,0,0,0,0,0,0,0,0,0,0,0,0
Mir3089,0,0,0,1,0,0,0,0,0,0,1,1
Nron,0,0,0,0,0,0,0,0,0,0,0,0
Zfp442,145,169,111,84,92,73,111,123,157,90,157,127
BC039771,0,41,33,20,2,23,42,33,3,0,55,0
Slc27a4,1451,1351,1460,1134,1403,1155,1400,1459,1655,880,2354,1532
Slc27a2,0,0,0,0,0,0,0,0,0,0,0,0
Uck1,2080,2255,1803,1626,1657,1333,1581,1347,1367,795,1884,2188
Abo,0,0,0,0,0,0,0,0,0,0,0,0
Fign,282,335,249,219,220,198,251,279,325,231,529,322
Dfnb59,0,0,0,0,0,0,0,0,0,0,2,0
AV039307,6,7,10,0,0,0,0,13,4,6,16,10
Fam78a,2,2,0,0,2,6,4,7,7,0,11,4
A430105I19Rik,841,1001,786,802,635,578,609,552,619,554,1213,949
Pla2g4e,0,0,0,0,0,0,0,0,0,0,0,0
8430427H17Rik,776,754,603,517,652,514,593,656,533,357,878,759
Gpsm1,3010,3200,2654,2725,2812,2488,2707,1984,1986,1686,3359,3074
Kbtbd4,399,438,428,300,374,305,316,435,532,288,614,446
Ermn,0,0,0,0,0,0,0,0,0,0,0,0
Slc24a5,3,4,3,0,0,2,2,0,0,2,0,3
Slc24a3,2206,1900,1535,1015,1531,1347,1469,1144,1009,822,1798,1934
Defb36,0,0,0,0,0,0,0,0,0,0,0,0
Nsfl1c,1594,1998,1706,1442,1571,1236,1594,1854,2141,1338,3250,1823
Usp8,2373,2705,2309,1728,2040,1795,2152,2323,2579,1762,3702,2537
Rif1,1018,1234,956,814,900,960,1081,1041,1107,838,1631,1079
Stau1,3272,3259,3123,2438,2561,2254,2792,2946,2308,2394,5390,3157
Mir130a,0,0,0,0,0,0,0,0,0,0,0,0
Ano3,3,16,9,7,9,10,9,4,10,5,9,29
Olfr1110,0,0,0,0,0,0,0,0,0,0,0,0
Olfr1111,0,0,0,0,0,0,0,0,0,0,0,0
Card9,4,6,0,4,0,0,4,2,5,0,9,0
Olfr1113,0,0,0,0,0,0,0,0,0,0,0,0
Olfr1115,0,0,0,0,0,0,0,0,0,0,0,0
Olfr1118,0,0,0,0,0,0,0,0,0,0,0,0
4930426L09Rik,2,18,7,7,2,2,4,5,6,15,12,1
Uqcc1,734,891,746,573,596,587,693,668,779,519,1027,932
Znf512b,2196,2320,1872,1973,1962,1516,1960,1670,1898,1450,3350,2191
Acvr1c,0,0,0,2,0,0,0,0,0,0,0,0
Stom,655,949,812,591,553,606,644,1101,1580,777,1604,823
Hat1,334,395,321,216,294,275,359,573,895,498,851,373
Rpl35,4061,5640,5333,4519,4396,4221,4780,6525,7912,5139,10449,5410
Ppip5k1,1235,1409,1245,986,1114,937,1043,818,726,550,1444,1382
Vsx1,0,0,0,0,0,0,0,0,0,0,0,0
Slco4a1,0,5,0,0,0,0,0,130,313,92,131,3
Bcas1,7,6,5,12,4,4,4,5,3,6,3,8
A730036I17Rik,0,0,0,0,0,0,0,0,0,0,0,0
Oxt,0,3,0,0,0,0,5,0,0,0,0,0
Olfr1099,0,0,0,0,0,0,0,0,0,0,0,0
Ino80,1184,1423,1193,1066,1130,948,1176,1283,1442,1082,2620,1300
Sfmbt2,8,12,11,5,21,11,10,15,18,23,24,4
BB557941,0,0,0,0,0,0,0,0,0,0,0,0
Blvra,263,407,355,277,265,251,278,357,407,269,564,373
Setx,1328,1774,1413,1129,1360,1203,1458,1475,1804,1239,2519,1588
Olfr1024,0,0,0,0,0,0,0,0,0,0,0,0
Snrnp200,4920,5807,4849,3734,3895,3880,4319,4594,5233,3741,8004,5763
Olfr1026,0,0,0,0,0,0,0,0,0,0,0,0
Zdhhc5,2824,3115,3015,2135,2590,2372,2761,3475,4097,2665,5840,3204
Olfr1022,0,0,0,0,0,0,0,0,0,0,0,0
Olfr1023,0,0,0,0,0,0,0,0,0,0,0,0
4930442J19Rik,0,0,0,0,0,0,0,0,0,0,0,0
Olfr1028,0,0,0,0,0,0,0,0,0,0,0,0
Bhlhe23,0,0,0,0,0,0,0,0,0,0,0,0
Gm14308,0,0,0,0,0,0,0,0,0,0,1,0
Cst8,0,0,0,0,0,0,0,0,0,0,0,0
Cst9,0,0,0,0,0,0,0,0,0,0,0,0
Uap1l1,694,1068,972,787,747,670,814,793,958,626,1229,978
Vps16,1348,1609,1430,1290,1146,956,1173,1289,1499,1056,2595,1517
AI182371,0,17,3,5,14,0,7,0,11,13,16,13
Cst3,45846,53673,48623,36173,42140,34716,40874,31220,29828,23803,44116,46712
Gm14305,248,623,510,207,355,442,528,574,501,342,667,662
Cst7,0,0,0,0,0,0,0,0,0,0,0,0
Gm14306,6,0,0,0,0,0,0,0,0,0,0,0
Wdr5,1113,1245,1099,887,1067,846,1098,1193,1475,916,2100,1223
Gm14164,0,0,0,0,0,0,0,0,0,0,0,0
Gm14169,0,2,0,0,0,0,0,0,0,0,2,0
Ptf1a,0,0,0,0,0,0,0,0,0,0,0,0
Gm14496,0,0,0,0,0,0,0,0,0,0,0,0
Olfr1221,0,0,0,0,0,0,0,0,0,0,0,0
Naa20,717,993,748,604,801,659,712,861,1050,705,1337,842
Gm996,24,29,35,22,32,16,20,22,24,11,30,30
Pdss1,78,89,63,51,65,59,84,75,95,114,195,88
Gm14015,0,0,0,0,0,0,0,0,0,0,0,0
Tgm2,22664,27053,22627,14578,16441,15573,15739,22310,21795,15905,38276,23596
Tgm3,0,0,0,0,0,0,0,0,0,0,0,0
Tgm5,2,0,0,0,3,0,0,0,0,0,0,0
Tgm6,0,0,0,0,0,0,0,0,0,0,0,0
Tgm7,0,0,0,7,0,0,5,0,0,0,0,0
Abhd12,1751,1945,1671,1351,1582,1245,1530,1464,1395,1124,2172,1966
Mageb3,3,7,3,4,2,3,2,7,3,2,10,2
Med27,437,538,458,354,387,346,404,426,523,343,763,521
Tor4a,410,524,491,321,405,286,363,406,517,252,568,458
Slc4a11,11,33,5,28,16,13,9,23,31,15,41,22
Slc4a10,0,4,7,15,14,0,0,4,0,5,9,38
Zfp133-ps,8,21,13,13,11,9,9,12,30,3,12,17
Rad21l,0,0,0,0,0,0,0,0,0,0,0,0
9430021M05Rik,0,0,0,0,0,0,0,0,0,0,0,0
Vim,50715,61691,52399,42063,49615,44630,50141,66288,80291,53092,100834,57867
Lamp5,0,0,0,0,0,0,0,0,0,0,0,0
Prom2,0,0,0,0,0,0,0,0,0,0,0,0
Myt1,0,0,0,0,0,0,0,0,0,0,0,0
Arhgap15os,0,0,0,0,0,0,0,0,0,0,0,0
Id1,577,748,715,480,751,475,571,819,874,468,971,678
Tmem62,300,476,367,290,304,239,298,243,247,202,433,411
Raly,3364,3937,3311,2699,2999,2579,3303,3998,4794,2845,6165,3658
Fam129b,2538,2895,2819,2026,2603,2245,2525,4178,5481,3297,8025,2604
Dut,345,452,377,301,328,307,340,599,1013,452,884,419
D630003M21Rik,518,831,820,653,613,548,640,320,437,266,354,798
Itch,2284,2379,2141,1117,1878,1866,1619,2059,2186,1608,3115,2315
Cel,0,8,6,6,0,0,2,4,0,0,5,0
Notch1,3036,2646,2556,2153,2238,2367,2367,2922,2662,1816,5131,3149
Gzf1,830,1066,868,681,776,692,716,759,778,597,1207,973
St6galnac6,2022,2344,1922,1523,1884,1487,1732,1453,1790,1126,2216,1991
St6galnac4,518,540,483,412,433,383,430,590,658,385,897,531
Pip5kl1,0,4,0,2,2,0,0,3,0,0,0,0
Olfml2a,126,212,236,259,185,216,150,96,118,53,93,329
Ttc30b,629,677,605,447,518,507,468,411,502,333,574,716
4930402H24Rik,2647,2861,2394,1786,2089,2003,2450,2105,2190,1634,3437,2802
Strc,23,6,8,7,7,3,5,13,10,6,20,15
Set,2533,2580,2337,1537,2325,1763,2413,3787,5231,2890,4659,2557
Ganc,834,924,857,641,721,659,728,737,655,488,1087,919
Emc4,765,922,769,636,702,623,649,797,878,573,1186,876
Rtf1,1668,1982,1706,1295,1427,1352,1660,1476,1690,1143,2509,1800
Crat,1717,1787,1499,1301,1588,1277,1580,1403,1514,1048,2263,1737
Rspo4,73,39,23,29,42,59,56,48,37,36,100,53
Acvr2a,2275,2652,2216,1663,2137,2058,2126,2033,1771,1605,2626,2709
Optn,294,328,307,220,294,248,276,206,224,216,441,285
Tmem239,0,0,0,0,0,0,0,0,0,0,0,0
1110034G24Rik,170,227,208,178,164,138,159,153,141,98,216,232
Scn1a,0,0,0,0,0,0,2,0,0,0,0,0
Tmem236,2,0,0,0,4,3,0,3,0,2,3,0
Tmem230,626,759,581,428,576,455,490,536,593,401,831,604
Atp5g3,2116,2693,2143,1639,2246,1845,2137,3191,3589,2361,4439,2357
Mcm8,51,81,31,31,41,13,36,109,182,70,165,42
Mir511,0,0,0,0,0,0,0,0,0,0,0,0
Gm16523,7,6,9,3,8,4,9,9,7,8,12,10
Ciz1,1600,1743,1464,1465,1308,1168,1310,1468,1693,1128,2727,1669
Mtx2,638,779,587,502,559,467,611,736,851,600,1248,669
Pdrg1,1152,1409,1231,915,979,822,922,1175,1219,749,1860,1361
Muc15,0,0,8,0,0,0,0,0,0,0,0,2
Dnlz,650,752,635,533,555,466,560,681,906,524,1126,654
Pdyn,4,15,6,6,6,0,4,29,57,29,56,8
Cd44,2295,3213,2816,1794,2141,1717,1480,3064,6762,4228,5841,2817
Urm1,724,902,804,554,711,558,577,860,919,584,1309,825
Cd40,1482,1523,1263,867,1115,1031,1018,898,638,597,1407,1486
L3mbtl1,0,0,0,0,0,0,0,0,0,0,0,0
Rnf114,1255,1497,1333,1035,1219,963,1060,1679,1936,1363,3234,1452
Nutm1,0,0,0,0,0,0,0,0,0,0,0,0
Sec16a,4225,4698,4074,3571,3755,3388,4087,4359,4883,3387,8348,5035
Scai,386,490,355,368,494,393,451,324,369,384,674,435
Rassf2,720,1124,1185,1108,1023,986,1161,885,1053,667,1324,1285
Pcmtd2,1506,1721,1384,1058,1144,1307,1186,1060,1060,768,1479,1685
Ncoa3,3361,3709,3083,2655,2771,2749,2985,2528,2559,1995,4740,3492
Ncoa6,2086,2162,1959,1624,1851,1613,2204,1806,2061,1606,3491,2311
Ncoa5,1461,1587,1338,1268,1257,1053,1251,1329,1517,818,2300,1487
Mir126b,0,0,0,0,0,0,0,0,0,0,0,0
Csnk2a1,2724,3093,2538,2038,2722,2272,2531,2687,3032,2033,4175,2802
Grin1os,0,0,0,0,2,0,0,0,0,0,0,0
Nup35,469,623,526,413,476,345,516,601,723,468,957,542
Defb21,0,0,0,0,0,0,0,0,0,0,0,0
Defb20,0,0,0,0,0,0,0,0,0,0,0,0
Defb23,0,0,0,0,0,0,0,0,0,0,0,0
Defb22,0,0,0,0,0,0,0,0,0,0,0,0
Defb25,14,21,7,9,13,18,13,5,10,5,13,13
Defb26,0,0,0,0,0,0,0,0,0,0,0,0
Defb29,0,0,0,0,0,0,0,0,0,0,0,0
Defb28,0,0,0,0,0,0,0,0,0,0,0,0
Armc3,0,0,0,0,0,0,0,0,0,0,0,0
1700026D11Rik,0,0,0,0,0,0,0,0,0,0,0,0
Gcnt7,0,0,0,0,0,0,0,0,0,0,0,0
Exd1,14,21,25,13,12,16,15,31,15,10,45,17
Prg2,0,16,2,0,0,0,0,3,0,0,0,2
Ptk6,0,0,0,0,0,0,0,0,0,0,0,0
Naif1,167,157,122,81,101,99,67,99,140,69,144,137
Olfr1102,0,0,0,0,0,0,0,0,0,0,0,0
Olfr1101,0,0,0,0,0,0,0,0,0,0,0,0
Olfr1100,0,0,0,0,0,0,0,0,0,0,0,0
Olfr1107,0,0,0,0,0,0,0,0,0,0,0,0
Olfr1106,0,0,0,0,0,0,0,0,0,0,0,0
Olfr1105,0,0,0,0,0,0,0,0,0,0,0,0
Olfr1104,0,0,0,0,0,0,0,0,0,0,0,0
Olfr1109,0,0,0,0,0,0,0,0,0,0,0,0
Tmco5b,0,0,0,0,0,0,0,0,0,0,0,0
1700007K13Rik,0,3,0,0,0,0,0,0,0,0,0,0
Fcnb,0,0,0,0,0,0,0,0,0,0,0,0
AI847159,0,0,0,0,0,0,0,0,0,0,0,0
Wt1os,0,0,0,0,0,0,0,0,0,0,0,0
Tubb1,7,3,2,7,6,8,5,5,11,3,9,12
Mybpc3,0,3,0,0,0,0,0,0,0,0,0,0
Eppin,0,0,0,0,0,0,0,0,0,0,0,0
Ext2,4685,5197,4417,3469,3998,3436,4084,4874,5586,3568,7581,5101
Olfr1037,0,0,0,0,0,0,0,0,0,0,0,0
Olfr1036,9,3,7,3,5,6,4,4,4,2,4,2
Olfr1034,25,26,24,30,33,24,25,13,21,13,23,21
Olfr1033,379,464,347,372,452,360,402,282,293,309,606,389
Olfr1032,23,32,24,30,34,13,24,21,13,6,35,33
Olfr1031,0,0,0,0,0,0,0,0,0,0,0,0
Olfr1030,0,0,0,0,0,0,0,0,0,0,0,0
Ryr3,81,176,138,178,54,62,47,41,60,33,109,196
Sdc4,8217,9839,7263,5601,7410,6243,7375,8384,8289,6821,17923,7349
Sdccag3,2058,2247,1787,1744,1750,1522,1938,1567,1736,1141,2939,2147
Itgav,2615,3013,2601,1967,2366,2278,2640,2631,3287,2093,3895,3085
9230104L09Rik,0,0,0,0,0,0,0,0,0,0,0,0
Ctxn2,0,0,0,0,0,0,0,0,0,0,0,0
Camk1d,156,223,228,220,168,206,176,110,119,98,130,279
Tspyl3,306,455,398,267,310,256,309,271,295,211,380,431
Gata5os,37,24,26,17,18,9,17,12,6,4,16,22
Phf19,52,92,46,36,41,27,45,150,301,128,217,61
Gpd2,536,683,577,447,438,485,566,561,615,482,878,602
Gle1,1488,1790,1527,1166,1297,1130,1289,1392,1641,1065,2140,1763
Itga8,44308,41153,37592,21284,24931,27062,29018,24764,21062,16711,32053,42108
Cep152,202,286,199,197,198,158,220,241,254,127,366,248
Ralgds,3214,3295,3092,2659,2640,2532,2298,2355,2455,1601,3659,3766
Tcfl5,0,0,0,0,0,0,0,0,4,0,0,0
Nop56,1363,1651,1302,1136,1318,958,1395,1629,1898,1271,3010,1348
Itga4,5,11,5,5,6,11,5,11,19,20,49,7
Itga6,78,63,59,28,48,87,23,93,80,39,202,122
Man1b1,2794,3053,2942,2181,2372,2026,2438,2982,3604,2039,4739,3100
Fkbp7,2107,2593,2280,1574,2048,1646,2007,1826,2124,1481,2599,2436
Gm14005,203,250,218,139,184,120,212,265,273,197,546,182
Cdk9,1681,1958,1673,1470,1572,1357,1483,1414,1672,1074,2508,1888
Kcnip3,97,202,149,172,110,126,118,148,187,116,260,192
Pdhx,373,473,384,281,358,304,348,465,506,349,760,462
Mir6973b,1,1,1,1,0,1,1,3,1,1,1,1
Olfr1077-ps1,0,0,0,0,0,0,0,0,0,0,0,0
Cst10,0,0,0,0,0,0,0,0,0,0,0,0
Cst11,0,0,0,0,0,0,0,0,0,0,0,0
Pde1a,481,813,699,592,624,653,589,690,726,646,946,802
Cst13,0,0,0,0,0,0,0,0,0,0,0,0
D330050G23Rik,7,3,5,0,0,3,0,5,10,0,6,5
Aif1l,85,171,148,206,164,156,123,102,158,81,126,236
Fahd2a,167,184,136,119,138,97,152,144,115,103,207,167
Snrpb2,660,795,645,554,720,510,636,772,911,630,1134,748
Svs6,0,0,0,0,0,0,0,0,0,0,0,0
Svs4,0,0,0,0,0,0,0,0,0,0,0,0
Svs5,0,0,0,0,0,0,0,0,0,0,0,0
Svs2,0,0,0,0,0,0,0,0,0,0,0,0
Tomm34,1187,1380,1152,979,1002,852,932,882,995,628,1484,1302
Sppl2a,2343,2889,2402,1691,2435,2239,2286,2720,3023,2265,4166,2823
Hao1,0,0,0,0,0,0,0,0,0,0,0,0
Ppp1r14d,0,0,0,0,0,0,0,0,0,0,0,0
Edf1,2061,2359,2056,1583,1883,1497,1718,2439,3302,1856,3803,2106
Rbpjl,0,0,0,0,2,0,4,0,0,0,0,0
Sulf2,3139,3703,4135,4796,3899,4326,4613,2885,3021,2468,4188,5042
Itpa,591,805,594,497,588,461,563,850,1063,594,1318,725
Ebf4,353,359,248,253,246,196,229,166,172,136,349,260
Bbox1,3,2,0,0,6,0,5,0,0,3,0,4
5430417L22Rik,462,439,368,362,413,328,395,438,528,319,721,478
Arl5a,2442,2937,2687,1866,2516,2292,2282,2385,2898,1764,3184,2934
Arl5b,1115,1818,1217,947,981,1215,1419,1464,1329,1330,2169,1243
Olfr1313,0,0,0,0,0,0,0,0,0,0,0,0
Ctdspl2,922,1119,966,673,945,845,594,946,1060,778,966,884
Cacna1b,0,0,0,0,0,0,0,0,0,0,0,0
4932416H05Rik,187,221,213,151,155,182,176,172,201,118,235,224
Pltp,5263,6960,6530,4564,5132,4311,4745,4479,4630,3570,6609,6212
Cdca7,35,46,41,18,45,45,43,202,429,155,274,32
Usp20,523,594,526,450,451,386,415,419,528,355,802,557
Olfr1276,0,0,0,0,0,0,0,0,0,0,0,0
Olfr1271,0,0,0,0,0,0,0,0,0,0,0,0
Psmf1,873,1167,945,651,754,689,820,864,952,697,1391,1038
Dstn,6819,8601,7107,5217,7109,5846,6653,5897,6302,4534,7968,7656
Xrn2,1556,1917,1528,1120,1219,1208,1405,1719,2145,1516,2946,1699
Pde11a,0,0,0,0,0,0,0,2,0,0,0,0
Dusp2,6,11,8,2,5,4,7,3,8,7,11,2
Arhgap1,4174,4473,3871,2992,3423,2819,3676,4993,5509,3928,8155,4314
Garnl3,652,602,489,449,622,466,594,431,370,386,801,538
Olfr1311,0,0,0,0,0,0,0,0,0,0,0,0
Med22,1495,1515,1209,968,1274,964,1194,1396,1658,901,2099,1460
Pmepa1,11650,10789,10281,8003,10826,9137,11612,11321,11205,9999,21183,10481
Hoxd13,0,0,0,0,0,0,0,0,0,0,0,0
Dnm1,5032,5610,4735,4879,4691,3789,4911,2946,2940,2667,5663,5228
Dynlrb1,1687,2421,1903,1490,1750,1248,1820,1754,2210,1428,2826,2121
Fastkd5,272,374,314,193,292,225,274,267,296,194,442,298
Zfp64,563,615,546,414,466,380,435,463,502,333,721,598
Mir7222,0,0,0,0,0,0,0,0,0,0,0,0
Mir7221,0,0,0,0,0,0,0,0,0,0,0,0
Mir7224,0,0,0,0,0,0,0,0,0,0,1,0
Bfsp1,99,137,103,106,104,71,103,62,54,71,99,111
Syt13,2,22,32,16,5,0,0,172,519,117,119,14
Adamts13,0,0,0,0,0,0,0,0,0,0,0,0
Mir296,0,0,0,0,0,0,0,0,0,0,1,0
Bdnf,5,9,4,4,2,8,2,34,32,37,67,9
Mir298,0,0,0,0,0,0,0,0,0,0,0,0
Wfdc11,0,0,0,0,0,0,0,0,0,0,0,0
Wfdc10,4,0,0,0,2,7,0,0,2,0,4,0
Wfdc13,0,0,0,0,2,0,0,3,0,3,0,0
Wfdc12,0,9,16,3,0,2,0,14,12,12,32,8
Mtch2,2229,2731,2204,1632,2076,1876,2146,2543,2732,2172,4183,2511
Fam171b,124,184,194,219,165,211,200,163,195,101,117,233
Wfdc16,53,24,18,24,19,21,19,8,10,9,10,35
Ctcflos,0,0,0,0,0,0,0,0,0,0,0,0
Gm10804,0,0,0,0,0,0,0,0,0,0,0,0
Oprl1,0,0,2,0,0,2,0,4,0,0,2,0
Lgr4,328,381,368,365,396,338,378,319,370,272,486,462
Ehd4,641,739,560,446,462,534,426,594,638,420,961,811
2010009K17Rik,0,0,0,0,0,0,0,0,0,0,0,0
Fam166a,0,0,0,0,0,0,0,0,0,0,3,0
Ttf1,641,838,661,512,509,480,510,614,713,439,988,736
Scand1,755,659,614,704,540,544,682,703,733,447,1051,884
Abl1,5235,5714,5071,4442,4692,4257,4620,4816,5368,3899,8044,5812
A630075F10Rik,0,0,0,0,0,0,0,0,0,0,0,0
Cdh4,197,269,257,180,249,241,201,132,130,124,257,263
Mir7002,0,0,1,1,0,0,1,0,0,0,1,1
Mir7003,0,0,0,0,0,0,0,0,0,0,0,0
Mir7000,0,0,0,0,1,0,0,0,0,0,2,0
Mir7001,4,1,1,1,1,2,1,0,2,0,3,4
Mir7006,0,2,2,1,2,0,0,1,1,0,1,1
Defb19,0,0,0,0,0,0,0,0,0,0,0,0
Mir7004,0,0,1,1,1,1,1,1,1,1,1,1
Mir7005,8,4,4,5,1,2,4,10,7,6,14,1
Gjd2,0,0,0,0,0,0,0,0,0,0,0,0
Atp5e,1377,1963,1541,1241,1312,1127,1542,1723,2242,1403,2674,1580
0610010B08Rik,0,0,0,181,0,0,0,0,182,0,0,21
Rem1,1667,1410,1351,1098,1150,915,1167,1021,1062,627,1534,1464
Nup160,977,1188,977,621,835,804,949,1001,1228,861,1587,1070
Pkig,1539,1567,1513,1029,895,1072,1074,1743,1461,1591,2595,1725
Olfr1136,0,0,0,0,0,0,0,0,0,0,0,0
Olfr1137,0,0,0,0,0,0,0,0,0,0,0,0
Olfr1134,0,0,0,0,0,0,0,0,0,0,0,0
Olfr1135,0,0,0,0,0,0,0,0,0,0,0,0
Olfr1132,0,0,0,0,0,0,0,0,0,0,0,0
Olfr1133,0,0,0,0,0,0,0,0,0,0,0,0
Olfr1130,0,0,0,0,0,0,0,0,0,0,0,0
Olfr1131,0,0,0,0,0,0,0,0,0,0,0,0
Olfr1138,0,0,0,0,0,0,0,0,0,0,0,0
Ttpal,1012,1070,950,789,993,715,873,1141,1200,911,1733,1025
Adra1d,49,67,45,41,38,35,32,39,34,14,39,63
Cubn,0,13,5,4,3,17,8,20,47,6,43,12
Pet117,1,6,2,6,1,1,2,1,13,2,2,1
Hc,14,122,7,26,68,80,201,20,115,0,14,40
Proser2,51,40,27,17,31,27,40,20,19,4,26,30
Gss,300,425,322,238,312,253,264,425,537,293,727,329
Emilin3,5,8,9,0,7,4,0,16,30,4,12,4
Banf2,0,0,0,0,0,0,0,0,0,0,0,0
Olfr1009,0,0,0,0,0,0,0,0,0,0,0,0
Olfr1002,0,0,0,0,0,0,0,0,0,0,0,0
Olfr1000,0,0,0,0,0,0,0,0,0,0,0,0
Patl2,0,0,0,0,0,0,0,0,0,0,0,0
Gsn,1096674,1196299,1210656,995663,1064636,1079910,1042305,487565,378482,370078,728733,1321306
5031425F14Rik,0,0,0,0,0,0,0,2,0,0,6,0
Spag4,27,21,13,19,24,10,18,8,14,12,37,22
Spint5,0,0,0,0,0,0,0,0,0,0,0,0
Wdsub1,1323,1463,1313,946,1175,1010,1222,1043,1017,755,1555,1432
Ncaph,14,20,30,18,21,22,27,237,515,226,324,26
Rtn4rl2,264,369,330,267,214,228,185,671,696,652,1621,333
Scp2d1,0,0,0,0,0,0,0,0,0,0,0,0
Lime1,1012,1003,840,922,876,629,724,636,622,442,1155,882
Fbxw2,1895,2204,1988,1403,1645,1383,1095,1691,1804,1260,1941,1523
Mir103-2,1,3,2,0,1,0,1,0,0,0,1,0
Fbxw5,1622,1871,1359,1384,1384,1107,1244,1322,1584,1038,2427,1612
Mir6997,0,0,0,1,1,1,2,1,0,2,0,1
Mir6996,0,1,1,0,0,0,0,0,0,0,1,0
Olfr1318,0,0,0,0,0,0,0,0,0,0,0,0
Olfr1316,0,0,0,0,0,0,0,0,0,0,0,0
Olfr1317,0,0,0,0,0,0,0,0,0,0,0,0
Olfr1314,0,0,0,0,0,0,0,0,0,0,0,0
Dhrs9,58,54,37,41,44,40,37,39,38,18,34,47
Olfr1312,0,0,0,0,0,0,0,0,0,0,0,0
Pard6b,223,273,240,173,183,184,185,209,231,115,279,256
Olfr1310,0,0,0,0,0,0,0,0,0,0,0,0
Mir6998,1,4,2,3,3,1,2,1,1,1,3,2
1700019L03Rik,0,0,0,2,0,0,6,0,6,0,2,0
4631405J19Rik,0,0,0,0,0,0,0,0,0,0,0,0
Svs3a,0,0,0,0,0,0,0,0,0,0,0,0
Procr,85,148,170,282,178,165,181,206,173,214,396,238
BC029722,993,1168,1011,841,876,823,867,874,948,690,1366,1198
Bcl2l11,1133,1200,1079,726,901,739,819,719,803,630,1208,1146
Znfx1,2913,3027,2666,2298,2334,2041,2360,3101,3135,2896,6846,3019
Acbd7,0,0,0,0,0,0,0,0,0,0,0,0
Acbd5,765,859,930,596,902,640,984,900,820,718,948,986
Ahcy,1434,1685,1455,1071,1085,1016,1156,1824,2517,1462,2603,1611
Fam209,9,5,10,11,8,9,13,0,5,9,18,13
Tprn,193,188,174,156,129,140,152,149,166,96,256,219
Tubb4b,6687,7630,6271,4894,6175,5293,6417,6421,7088,5053,10089,7280
Bcas1os2,0,0,0,0,0,0,0,0,0,0,0,0
Olfr1300-ps1,0,0,0,0,0,0,0,0,0,0,0,0
Top1,1913,1989,1761,1289,1681,1459,1692,2174,2429,1469,3196,1831
Gm13807,0,0,0,0,0,0,0,0,0,0,0,0
Ccdc141,1118,1595,996,782,731,776,771,1001,964,751,1274,1322
Dpm2,911,1113,950,794,851,723,788,894,977,605,1325,1058
Dpm1,863,1146,898,658,875,790,762,831,868,644,1317,991
Prrg4,5,19,7,5,4,8,4,9,6,2,13,17
Rpl12,8149,12326,10473,8440,8631,7702,9156,13274,16976,10316,20669,11049
Gm13752,0,0,0,0,0,0,0,0,0,0,0,0
Trp53bp1,1497,1716,1479,1095,1329,1122,1311,1309,1665,949,2505,1547
Polr3f,568,778,561,423,513,490,464,542,607,423,798,619
Cir1,944,1001,924,695,740,731,668,707,776,575,1192,1052
Ell3,0,0,0,0,0,0,0,0,2,0,0,0
Polr3k,416,576,431,301,456,337,427,541,626,337,754,443
Galnt3,0,0,0,0,0,0,0,0,0,0,0,0
Mir5622,0,0,0,0,0,0,0,0,0,0,0,0
Olfr988,0,0,0,0,0,0,0,0,0,0,0,0
Lcn2,48,277,177,122,38,42,54,3940,2371,4943,16067,223
Cacnb4,91,124,95,61,119,86,85,111,92,99,214,94
Wdr34,376,411,364,305,291,250,314,358,397,233,487,418
Mir466d,0,0,0,0,0,0,0,0,0,0,0,0
4933409G03Rik,0,0,0,0,0,0,0,0,0,0,0,0
Kif3b,1084,1352,1107,882,1004,886,1089,1169,1310,954,1982,1244
Wdr38,0,7,0,0,0,0,0,2,0,0,0,0
4930500J02Rik,7,6,4,0,8,3,0,5,0,2,0,0
Casc5,4,0,0,3,4,0,7,126,286,120,169,4
Trub2,464,487,444,416,361,335,344,477,410,367,873,480
Mir129-2,0,0,0,0,0,0,0,0,0,0,0,0
Xkr7,0,0,0,0,0,0,2,0,2,0,4,0
Olfr74,0,0,0,0,0,0,0,0,0,0,0,0
Olfr73,0,0,0,0,0,0,0,0,0,0,0,0
A530013C23Rik,40,60,38,43,67,43,41,18,26,24,36,32
Ehf,4,11,9,7,3,7,6,8,7,5,6,4
Yme1l1,2532,2982,2518,1641,2396,2175,2339,2875,3231,2166,4127,2584
Arhgap21,7574,7923,6895,6030,5986,6165,7250,5734,5745,5025,10262,8600
Fam69b,168,299,262,223,215,169,210,132,183,84,168,285
2810002D19Rik,183,228,199,149,191,164,150,189,261,124,239,207
Hrh3,0,0,0,0,0,0,0,0,0,0,0,0
Gm13375,601,505,409,376,411,356,338,328,206,225,411,565
Harbi1,169,194,166,127,135,129,144,161,196,109,271,193
Kcnh7,0,0,0,0,0,0,0,0,0,0,0,0
Prdm12,0,0,0,0,0,0,0,0,0,0,0,0
Prdm11,58,83,49,48,39,32,47,58,64,41,87,45
Cpne1,3371,3674,3093,2344,1547,2510,2985,3889,4532,1754,5765,3444
Scn3a,6787,5748,5445,3838,4562,4357,5180,3330,2493,2439,5016,6540
Aqr,2032,2196,1850,1437,1606,1476,1697,2038,2320,1615,3509,2088
Cntrl,996,1244,940,1014,903,756,901,912,1063,797,1789,1089
Rbm39,5383,6677,5180,4653,5497,4345,5095,4937,5509,4136,8728,5631
Rbm38,57,48,56,45,47,37,47,96,101,36,102,46
Lrrn4,2,43,9,0,5,6,0,19,109,12,60,20
Fgf7,3944,5259,4032,2830,3253,3102,3348,2625,2672,2149,3881,4526
Olfr338,0,0,0,0,0,0,0,0,0,0,0,0
Ptprt,117,112,91,55,73,63,38,61,87,42,142,74
Mir3110,0,0,0,0,0,0,0,0,0,0,0,0
Ptpra,4605,5311,4671,3311,3862,3533,4195,3982,4428,3202,6401,5158
Ptprj,310,351,345,346,261,312,348,501,670,425,1048,423
Pck1,0,0,0,0,0,0,0,0,0,0,0,0
Arl6ip6,327,385,245,235,256,278,255,360,424,259,530,351
Dab2ip,4306,4157,3051,2432,2620,3275,2952,3007,3035,2966,5105,3860
Pter,349,410,370,266,322,285,302,266,314,236,379,359
1700061F12Rik,0,0,0,0,0,0,0,0,0,0,0,0
Tbc1d20,1478,1417,1386,1041,1213,1136,1388,1444,1785,1084,2259,1522
Immp1l,317,455,358,240,361,350,359,386,441,304,517,389
3110099E03Rik,0,0,0,0,0,0,0,0,0,0,0,0
Anapc2,3751,3983,3667,3023,3365,2737,3449,3449,3813,2424,5404,3933
Ctcfl,0,0,0,0,0,0,0,0,0,0,0,0
Ier5l,799,746,793,658,674,659,710,690,771,383,1028,793
Nphp1,547,656,519,425,471,432,488,553,663,422,782,618
Fpgs,867,813,646,680,768,561,756,712,765,577,1416,704
Mir669g,0,0,0,0,0,0,0,0,0,0,0,0
Mir669i,0,0,0,0,0,0,0,0,0,0,0,0
Mir669j,0,0,0,0,0,0,0,0,0,0,0,0
Mir669k,0,0,0,0,0,0,0,0,0,0,0,0
1110008P14Rik,249,349,327,226,258,221,214,383,433,267,717,302
Olfr1129,0,0,0,0,0,0,0,0,0,0,0,0
Olfr1128,0,0,0,0,0,0,0,0,0,0,0,0
Olfr1121,0,0,0,0,0,0,0,0,0,0,0,0
Mir219b,0,0,0,1,0,0,0,0,0,0,0,0
Scg5,0,0,0,0,0,0,0,0,0,0,0,0
Olfr1122,0,0,0,0,0,0,0,0,0,0,0,0
Chp1,3939,4759,4105,3029,3536,3369,3798,3744,3826,2985,6262,4572
Olfr1124,0,0,0,0,0,0,0,0,0,0,0,0
Olfr1126,0,0,0,0,0,0,0,0,0,0,0,0
Gm6710,136,0,0,0,233,0,131,0,168,0,0,675
Ltk,0,0,0,0,0,0,0,0,0,0,0,0
Tubgcp4,1091,1218,1083,695,964,790,1082,1170,1501,851,1185,1153
Prdx6b,556,649,488,344,466,394,402,554,526,528,1100,581
Zbtb6,310,359,278,192,274,198,222,286,352,236,452,320
Myef2,684,920,638,566,598,593,736,742,901,519,1090,704
Qsox2,816,888,758,618,647,650,676,727,733,556,1121,862
Olfr1008,0,0,0,0,0,0,0,0,0,0,0,0
Mapk8ip1,1253,1279,1208,898,1056,957,960,1006,1158,772,1237,1297
5031426D15Rik,11,8,8,36,40,8,35,1,17,15,43,9
Slx4ip,25,65,60,47,42,44,37,69,79,40,97,82
Mir6364,0,0,0,0,0,0,0,0,0,0,0,0
Frmd5,32,91,71,45,22,31,42,70,138,81,120,58
Pak6,0,0,0,0,0,0,0,0,0,0,0,0
Pak7,0,0,0,0,0,0,0,0,0,0,0,0
Dgkz,1115,1142,1017,933,1074,845,979,1124,1343,819,1977,1066
Ift52,753,892,758,538,612,570,606,726,867,569,1157,870
6430503K07Rik,0,0,0,0,0,0,0,0,0,0,0,0
Fam83d,3,4,0,0,7,0,4,57,185,72,81,6
Prr5l,857,1135,975,714,486,616,472,1048,860,632,1865,1217
Olfr1019,0,0,0,0,0,0,0,0,0,0,0,0
Olfr1018,0,0,0,0,0,0,0,0,0,0,0,0
Olfr1015,0,0,0,0,0,0,0,0,0,0,0,0
Olfr1014,0,0,0,0,0,0,0,0,0,0,0,0
Olfr1016,0,0,0,0,0,0,0,0,0,0,0,0
C330006A16Rik,1760,1696,554,1151,1412,1146,1353,1386,1652,993,1989,1712
Olfr1010,0,0,0,0,0,0,0,0,0,0,0,0
Olfr1013,0,0,0,0,0,0,0,0,0,0,0,0
Olfr1012,0,0,0,0,0,0,0,0,0,0,0,0
Tti1,709,745,578,476,575,491,527,678,802,433,1040,716
Pla2r1,5840,6415,5176,3797,4735,3651,4771,3766,3602,3094,6281,5615
Olfr1006,0,0,0,0,0,0,0,0,0,0,0,0
Erv3,0,0,0,0,0,0,0,0,0,0,0,0
Ak1,1705,2149,1781,1291,1629,1217,1615,2309,2879,1785,3295,1974
Dnttip1,679,752,635,550,581,501,524,634,796,512,1093,706
D2Wsu81e,580,758,555,498,525,433,527,651,805,425,974,689
E2f1,229,279,242,207,229,248,263,396,643,298,325,323
Prg3,0,0,0,0,0,0,0,0,0,0,0,0
Mir133c,0,0,0,0,0,0,0,0,0,0,0,0
Col20a1,372,468,360,434,330,304,307,176,147,188,383,457
Olfr1301,0,0,0,0,0,0,0,0,0,0,0,0
Olfr1303,0,0,0,0,0,0,0,0,0,0,0,0
Olfr1302,0,0,0,0,0,0,0,0,0,0,0,0
Olfr1305,0,0,0,0,0,0,0,0,0,0,0,0
LOC102634401,0,0,0,0,0,0,0,0,0,0,0,0
Olfr1307,0,0,0,0,0,0,0,0,0,0,0,0
Olfr1306,0,0,0,0,0,0,0,0,0,0,0,0
Olfr1309,0,0,0,0,0,0,0,0,0,0,0,0
Olfr1308,0,0,0,0,0,0,0,0,0,0,0,0
Adra2b,1,2,3,3,4,10,4,2,4,3,4,2
Gmeb2,687,903,701,626,568,563,702,659,686,525,1133,778
Eif2s2,1798,2278,1737,1303,1772,1622,1837,2532,2980,2067,4234,1924
B4galt5,1652,2416,2120,1676,1559,1427,1669,3498,5141,2370,6199,2211
Ehmt1,1500,1627,1426,1179,1255,1152,1291,1341,1627,1000,2258,1506
Tmc2,0,0,0,0,0,0,0,0,0,0,0,0
Jph2,2053,2089,1597,1395,1510,1475,1677,2231,2360,1433,3168,1870
Gm14085,0,0,0,0,0,0,0,0,0,0,0,0
Mmp9,4,22,20,17,4,3,4,263,589,114,134,4
Ubox5,165,263,197,198,208,158,187,209,217,179,407,266
Zfp663,0,0,0,0,0,0,0,0,0,0,0,0
Zfp661,90,142,93,127,85,86,74,111,73,80,171,111
Tank,504,682,532,409,496,400,486,592,728,497,1142,593
Jmjd7,138,169,114,105,101,0,41,120,184,109,236,151
Olfr1274-ps,0,0,0,0,0,0,0,0,0,0,0,0
Dsn1,45,56,31,25,56,40,51,168,280,136,212,46
Aar2,660,823,668,512,594,492,518,677,790,492,1110,767
Secisbp2l,2698,3039,2524,1910,2074,2246,2479,2185,2285,1777,3788,2955
Mir3474,1,1,1,1,1,1,1,1,1,1,3,1
Nckap1,4689,5270,4458,3422,4198,3883,4852,5132,5967,4132,8151,5310
Agps,1272,1327,1212,771,995,993,1148,1297,1650,1064,2000,1207
Olfr998,0,0,0,0,0,0,0,0,0,0,0,0
Olfr996,0,0,0,0,0,0,0,0,0,0,0,0
Serinc4,5,4,5,3,7,2,0,2,10,5,11,5
Olfr994,0,0,0,0,0,0,0,0,0,0,0,0
Olfr995,0,0,0,0,0,0,0,0,0,0,0,0
Olfr992,0,0,0,0,0,0,0,0,0,0,0,0
Rab22a,1227,1282,1189,829,869,935,1113,1075,1179,846,1699,1324
Serinc3,21351,24152,20920,13995,17713,16850,17351,20165,17486,15539,30948,22867
Dok5,14,38,29,28,20,15,12,96,153,77,141,22
Dnmt3b,169,151,151,158,187,129,158,131,140,107,209,129
4930441J16Rik,0,0,0,0,0,0,0,0,0,0,0,0
Mir670,0,0,0,0,0,0,0,0,0,0,0,0
Mir674,1,1,0,0,0,1,0,0,0,0,1,0
Rims4,0,0,4,0,0,0,0,0,0,0,0,0
1700020I14Rik,647,676,634,464,483,515,540,615,795,495,994,724
Mga,2782,3362,2848,2496,2415,2512,2907,2376,2519,2134,4408,3456
6820408C15Rik,0,0,0,0,0,0,0,0,3,0,3,0
Agbl2,80,111,97,95,72,62,104,109,108,76,165,88
Kcng1,116,83,84,67,49,69,79,73,45,91,116,62
Snap23,1231,1549,1253,849,1181,1065,1246,1601,1697,1180,2548,1363
Mir1a-1,0,0,0,0,0,0,0,0,0,0,0,0
Srp14,1665,2116,1587,1271,1554,1285,1442,1709,1740,1177,2427,1782
Gm13582,0,0,0,0,0,0,0,0,0,0,0,0
Gm13580,0,0,0,0,0,0,0,0,0,0,0,0
Stard7,1720,1922,1643,1405,1545,1419,1660,1427,1661,1164,2299,1972
Mir3473g,0,2,0,1,0,0,0,0,1,0,2,0
Upp2,12,4,0,0,2,7,0,0,0,5,3,0
Arl14ep,699,744,647,484,669,502,590,609,732,528,851,697
Mrgbp,272,237,233,207,229,161,196,255,274,189,475,254
Pax6os1,0,0,0,0,0,0,0,0,0,0,0,0
Shf,175,181,186,140,148,127,150,165,222,110,265,194
Cdk5rap1,212,305,285,204,216,153,206,216,224,158,351,274
Pbx3,230,260,249,209,215,205,206,390,633,301,636,298
Ptgs1,1308,2102,1405,1152,1197,898,1050,1707,2155,1169,2249,1615
Adnp,2624,3009,2549,2069,2581,1926,2629,2732,3020,2330,4581,2738
1700003F12Rik,0,0,0,0,0,0,0,0,0,0,0,3
Mir467d,0,0,0,0,0,0,0,0,0,0,0,0
Lpcat4,81,94,114,82,89,47,65,173,246,147,229,85
Lkaaear1,0,0,0,0,0,0,0,0,0,0,0,0
Actl10,0,0,2,2,0,0,0,2,0,0,2,1
4930573O16Rik,0,0,0,0,0,0,0,0,0,0,0,0
Gca,14,5,9,5,14,14,14,14,10,8,30,19
Gabpb1,405,523,454,345,419,309,395,506,581,410,837,425
Gcg,0,0,0,0,0,0,0,0,0,0,0,0
Wisp2,6408,7422,6672,4921,4686,4723,5191,9772,5987,8919,20245,7052
Crb2,0,14,5,4,2,2,0,5,27,2,9,6
Rnf24,895,972,847,635,902,715,913,763,904,638,1178,937
Hsd17b12,1479,1889,1421,891,1268,1089,1273,1819,1955,1462,2750,1614
Olfr3,0,0,0,0,0,0,0,0,0,0,0,0
Stmn3,2,5,2,7,7,0,8,0,0,0,7,9
Ssfa2,1772,2065,1860,1404,1588,1599,1753,1642,1805,1223,2529,2037
Eif2ak4,742,917,670,630,627,567,658,654,813,568,1373,780
Fkbp1a,5377,6185,5117,3767,4967,3903,5082,5797,6925,4350,8663,5745
Erich2,0,0,3,2,8,0,0,19,14,5,17,0
Il2ra,0,6,3,5,4,3,3,3,2,0,7,7
Gapvd1,1960,2146,1971,1606,1687,1595,1839,1973,2089,1315,3292,2179
Olfr1168,0,0,0,0,0,0,0,0,0,0,0,0
Cnbd2,54,102,83,70,47,55,56,51,40,34,108,93
Ptges,4196,5503,4133,3117,3466,2791,2919,5791,6621,4329,9949,4568
Slc35c2,923,1047,881,775,806,647,771,907,1031,653,1352,936
Mafb,1808,1545,1505,1017,1116,1211,1237,793,706,363,971,1590
Slc35c1,492,530,512,386,427,344,406,545,676,417,873,532
Dbh,6,0,5,0,0,0,0,3,0,5,7,0
Grem1,0,36,76,27,2,2,0,818,1845,370,436,22
Mir181a-2,0,0,0,0,0,0,0,0,0,0,0,0
Ss18l1,212,233,175,181,229,170,226,229,248,176,397,202
Mir7578,1,1,1,1,1,1,1,1,1,1,1,1
Nup214,1584,1651,1352,1184,1373,1146,1353,1451,1661,1132,2617,1811
Pip4k2a,421,583,552,469,495,508,529,427,533,322,712,568
Atp5c1,2525,3341,2925,1996,2515,2142,2483,3198,3660,2406,4785,2919
Olfr1158,0,0,0,0,0,0,0,0,0,0,0,0
Ntng2,642,682,595,593,518,432,428,392,395,233,610,726
Olfr1154,0,0,0,0,0,0,0,0,0,0,0,0
Olfr1155,0,0,0,0,0,0,0,0,0,0,0,0
Olfr1156,0,0,0,0,0,0,0,0,0,0,0,0
Olfr1157,0,0,0,0,0,0,0,0,0,0,0,0
Olfr1151,0,0,0,0,1,0,0,0,0,0,0,0
Olfr1152,0,0,0,0,0,0,0,0,0,0,0,0
Olfr1153,0,0,0,0,0,0,0,0,0,0,0,0
Slc23a2,2557,2908,2762,2058,2152,2021,2338,2242,2331,1918,4155,3137
Trdmt1,243,347,253,148,249,189,232,233,200,227,404,270
Mir6999,1,1,1,0,2,1,1,2,1,0,2,1
4930517E11Rik,0,0,0,0,0,0,0,0,0,0,0,0
BC052040,156,168,117,87,140,99,118,139,210,146,218,127
Snord17,1,4,6,1,2,2,3,3,3,1,5,1
Snord12,20,27,14,20,21,14,13,15,9,12,38,14
Ccbl1,229,268,179,258,186,152,155,161,171,119,247,247
Pdia3,22692,31049,24968,15800,20400,17150,22040,27329,34510,19350,39288,27129
1500011K16Rik,256,301,220,218,233,194,212,196,217,172,289,227
Dusp19,154,226,174,130,157,130,161,188,219,170,245,149
Dusp15,0,0,0,3,0,0,0,0,0,0,0,2
Rpl7a,10674,14310,12386,9652,10826,9303,11036,14857,18262,11349,22786,12975
Bmi1,753,988,718,527,692,636,654,813,916,731,1236,789
Gm14295,176,292,175,142,191,133,201,241,235,223,429,209
Pax6,0,0,0,0,0,0,0,0,0,0,0,0
Pax1,63,111,96,106,87,77,64,41,56,33,78,111
1700001O22Rik,0,0,0,0,0,0,0,0,0,0,0,0
Pax8,0,0,0,0,0,0,0,0,0,0,0,0
Pfkfb3,3789,7720,5496,4461,5689,4407,6187,4701,3750,2478,4023,6632
1700101E01Rik,0,6,0,0,0,0,0,0,4,0,4,0
Bahd1,812,833,780,736,726,676,730,830,964,545,1359,897
Nr1h3,3040,3140,2756,2218,2439,2058,2181,2646,2297,1592,4089,3035
Slc20a1,811,1081,826,811,766,668,944,1341,1495,1105,2392,799
Tcea2,159,222,197,187,131,131,136,138,137,105,267,207
BC051628,0,0,0,0,0,0,0,0,0,0,0,0
Tm9sf4,3268,3703,3340,2447,2834,2527,3002,3432,3769,2514,5576,3817
Capn3,79,58,60,56,53,47,43,26,15,23,55,50
1700060C20Rik,0,0,0,0,0,0,0,0,0,0,0,0
Blcap,1068,1176,1038,771,964,756,910,1081,1274,842,1868,1083
Pced1a,1012,1120,926,777,813,623,675,855,871,623,1341,955
Rrbp1,11694,12779,11423,9546,12341,8215,12840,13280,15569,12414,25923,14166
Eif3j2,1232,1492,1144,886,1340,1159,999,1419,1668,1095,2249,1256
Eif3j1,30,39,33,37,33,28,318,29,23,31,27,30
Dhx35,516,661,537,397,405,349,428,471,502,352,813,586
Ccdc3,124,87,120,81,161,174,295,90,126,95,212,127
Plxdc2,43443,42152,39289,26136,31830,30077,32218,23759,21645,19046,34688,43976
Slpi,1,68,23,28,0,7,1,51,86,33,142,20
Tas2r134,0,0,0,0,0,0,0,0,0,0,0,0
Mrc1,20,38,16,14,16,11,9,15,18,28,31,12
Chac1,5,5,5,0,3,0,0,8,28,10,28,7
Svs3b,0,0,0,0,0,0,0,0,0,0,0,0
4921508D12Rik,0,0,0,0,0,0,0,0,0,0,0,0
Olfr1208,0,0,0,0,0,0,0,0,0,0,0,0
Olfr1209,0,0,0,0,0,0,0,0,0,0,0,0
Ghrh,0,0,0,0,0,0,0,9,0,0,5,0
Nkx2-2os,0,0,0,0,0,0,0,0,0,0,0,0
Olfr1200,0,0,0,0,0,0,0,0,0,0,0,0
Olfr1201,0,0,0,0,0,0,0,0,0,0,0,0
Olfr1202,0,0,0,0,0,0,0,0,0,0,0,0
Olfr1204,0,0,0,0,0,0,0,0,0,0,0,0
Olfr1205,0,0,0,0,0,0,0,0,0,0,0,0
Olfr1206,0,0,0,0,0,0,0,0,0,0,0,0
Gm14124,0,0,0,0,0,0,0,4,0,0,0,0
Neurl2,49,53,46,46,46,29,44,55,79,64,103,48
Mir129b,0,0,0,0,0,0,0,0,0,0,0,0
Arfgef2,1555,1814,1612,1312,1242,1296,1481,1436,1632,1223,2651,1804
4932418E24Rik,5,0,2,4,5,5,12,0,4,9,5,2
Slc52a3,27,28,31,35,36,13,40,33,31,39,44,38
Elf5,0,9,0,0,0,4,5,0,0,0,0,0
1700029I15Rik,8,19,10,19,5,15,11,16,0,6,11,22
Mir199b,1,0,1,0,0,0,2,0,0,0,0,1
Gid8,1502,1771,1486,1214,1359,1077,1457,1544,1751,1226,2459,1608
Mapkap1,1570,1972,1644,1203,1436,1274,1435,1641,1889,1186,2567,1899
Gatm,11,64,24,2,30,3,6,19,68,21,32,24
Polr1b,522,565,513,429,476,404,492,568,653,432,1004,557
Tgif2,294,277,254,187,253,173,262,434,552,299,617,253
Rmdn3,735,746,715,543,584,558,556,704,825,582,1195,811
Golga1,717,890,674,643,639,498,572,773,808,548,1369,765
Pcsk2,0,2,3,4,4,5,2,0,2,0,0,15
Trp53tg5,0,0,0,0,0,0,0,0,0,0,0,0
Creb3l1,5378,4470,3870,2887,4533,3223,4528,5709,6233,3346,10431,4367
Sptlc3,0,0,0,0,0,0,0,0,0,0,0,0
Adig,0,0,0,0,0,0,0,0,0,0,0,0
Snx21,818,827,705,787,698,708,697,585,571,361,889,916
Bub1,0,0,0,0,2,2,0,190,439,174,269,4
Serf2,6151,7468,6549,4941,5710,5004,5966,6830,8643,4765,9852,7043
Olfr50,0,0,0,0,0,0,0,0,0,0,0,0
Snhg7,37,36,44,32,34,27,27,39,56,44,119,55
Psma7,1478,1973,1627,1328,1445,1238,1542,2063,2629,1833,3777,1826
Gdap1l1,2,0,5,0,4,3,0,0,0,3,3,0
Spata25,0,0,0,0,0,3,0,4,2,0,2,0
Cdc25b,444,422,350,480,347,324,505,491,840,661,942,352
Olfr1112,0,0,0,0,0,0,0,0,0,0,0,0
Pdk1,430,520,360,255,392,338,329,274,319,210,391,491
Zgpat,1189,1209,1072,977,895,789,891,882,1018,540,1512,1241
Fam227b,0,0,0,0,0,0,0,0,0,0,0,0
Nmi,446,626,477,366,391,382,448,595,729,566,1246,525
Chgb,3,3,4,6,2,3,0,0,4,0,6,6
Kcnj3,0,0,0,0,0,0,0,0,0,0,0,0
C1ql3,11,7,5,8,15,16,13,4,11,4,6,7
Zbp1,361,556,345,312,295,188,297,3327,4475,3047,7451,446
Zdhhc12,139,186,153,109,122,99,85,223,244,174,356,169
Meis2,1141,1308,1102,847,1008,908,1062,950,1038,737,1431,1337
Fam110a,1240,978,919,719,967,697,734,790,710,369,926,1073
A530006G24Rik,0,0,0,0,0,0,0,0,0,0,0,0
Ptgds,0,0,0,0,0,0,0,0,0,0,0,0
Grin1,11,2,2,5,4,3,4,2,3,2,0,0
4930533B01Rik,0,0,0,0,0,0,0,0,0,0,0,0
Gm13483,3,2,0,0,8,0,8,4,0,0,5,0
Rbm12,923,1001,860,664,804,700,897,884,1008,726,1441,820
Golga2,4335,4661,3835,3346,3657,2928,3528,3686,3852,2693,6439,4378
Rbm17,1233,1370,1206,926,1053,861,1107,1277,1574,915,2274,1372
Ubr3,2522,2776,2465,1815,2126,2115,2370,2182,2345,2029,3800,2735
Nfe2l2,3815,4364,3934,3018,3365,3189,3393,3777,4158,3161,5757,4304
Rbm18,995,1261,1077,820,987,851,967,953,1012,777,1372,1238
Tcp11l1,166,185,167,136,133,126,166,144,168,95,285,200
Stxbp1,1325,1389,1193,1065,1240,1036,1319,1356,1539,1038,2306,1337
Ppp1r3d,263,255,182,158,171,151,155,186,243,101,329,278
Snapc4,906,1074,795,952,740,606,789,642,657,509,1459,890
Ankrd16,458,580,431,439,416,334,426,376,404,360,839,457
Spef1,389,438,347,347,399,329,327,269,314,168,420,406
Fam210b,4243,3762,3226,2082,2492,2521,2719,2736,2194,1390,3740,3692
Col9a3,46,42,59,57,35,37,47,36,45,48,135,46
Celf1,2214,1877,1565,1393,2122,1748,1907,1643,2145,1216,2912,1785
Ccdc148,5,4,0,0,4,3,5,3,5,0,0,6
Tnks1bp1,7270,7493,6942,6125,5900,5700,6392,8478,9151,6549,15524,7477
8430437L04Rik,0,0,0,0,0,0,0,0,0,0,0,0
Slc25a25,4655,6097,4191,3008,4472,4153,4189,4091,2983,2734,6568,4261
Ywhab,8103,9458,7788,5484,6672,6190,7275,9274,9613,7176,14583,8742
Med19,497,598,483,328,401,308,405,558,606,380,851,484
Gm10857,0,0,0,0,0,0,0,0,0,0,0,0
Xirp2,0,0,0,0,0,0,0,0,0,0,0,0
Eya2,22,129,101,131,100,75,88,78,102,49,85,196
Arpc5l,619,807,626,558,716,540,636,709,824,543,1093,675
Mrpl41,305,316,288,241,258,207,273,320,367,228,557,269
Nebl,5416,4288,3921,2345,2685,3532,3413,3332,2766,2541,4703,4399
Mamdc4,198,195,137,154,151,98,156,88,117,67,271,146
Ckmt1,0,0,0,0,0,0,0,0,0,0,0,0
Soga1,12435,10976,9968,8337,9081,8653,10675,7220,6738,5205,12420,12423
Kif18a,36,75,43,29,30,27,33,68,111,54,101,47
Alx4,22,39,21,22,26,23,8,33,39,16,49,37
Nr5a1,0,0,0,0,0,0,0,0,0,0,0,0
Ralgapa2,386,402,345,297,341,286,357,318,321,251,625,477
Ovol2,0,0,0,0,0,0,0,0,0,0,0,0
Rcn1,10339,10347,8738,6603,9600,7662,9812,8101,9965,7003,12211,9901
Olfr1148,0,0,0,0,0,0,0,0,0,0,0,0
Npepl1,2090,2159,1744,1712,1787,1439,1681,1585,1753,1225,2852,1903
Olfr1143,0,0,0,0,0,0,0,0,0,0,0,0
Olfr1141,0,0,0,0,0,0,0,0,0,0,0,0
Olfr1140,0,0,0,0,0,0,0,0,0,0,0,0
Prrx2,376,474,383,426,436,373,566,559,786,439,905,519
Syndig1,9,0,5,15,9,11,0,3,13,5,7,12
Dtwd1,172,238,153,158,156,127,134,205,244,149,313,194
Tmem127,4121,4260,4133,2931,3591,3162,3714,3845,4261,2813,5952,4487
Tlk1,1343,1383,1295,899,1244,1063,1272,1061,1342,996,1880,1389
A930019D19Rik,0,0,0,0,0,0,0,0,0,0,0,0
Tmem74b,10,15,13,15,16,16,9,7,3,10,10,19
3300002I08Rik,19,21,26,14,6,17,8,24,38,20,39,31
Mir6340,2,1,1,0,1,1,0,0,0,0,0,0
Gm14288,45,6,5,6,5,6,19,5,4,28,98,7
Celf2,4263,5352,4435,3844,3934,3905,4296,4278,4921,3736,7258,5442
E030013I19Rik,382,462,314,175,303,295,274,176,146,135,197,376
Ube2e3,1888,1954,1592,1180,1671,1469,1667,1871,1847,1336,2594,1867
Galnt5,5,14,8,5,4,7,12,5,15,8,6,14
Ppig,1512,1826,1476,1096,1190,1091,1366,1338,1646,1096,2336,1522
Trp53inp2,4642,4793,4125,2774,3885,3028,3778,3628,4176,2671,5235,4214
Ptprtos,0,0,0,0,0,0,0,0,0,0,0,0
Nr6a1,85,104,85,82,83,65,114,78,77,68,196,104
Sla2,0,0,0,0,5,0,0,0,0,0,0,0
2500004C02Rik,63,88,51,33,58,50,57,49,62,50,90,57
1700037H04Rik,211,240,193,186,211,171,205,254,364,226,430,212
Olfm1,1679,1761,1625,1255,1405,1223,1621,1238,1241,865,1731,1878
Tsc1,1641,1757,1472,1278,1331,1120,1302,1149,1262,974,2107,1757
Zfp937,376,447,300,214,350,253,295,336,380,268,471,387
B3galt1,109,257,170,124,134,126,122,195,241,134,207,225
Zfp931,334,327,67,198,229,216,54,44,126,48,329,64
4921531C22Rik,81,120,84,53,82,49,77,54,72,44,69,93
Nop10,724,955,824,643,682,608,681,718,756,482,984,832
Il1a,4,4,3,0,0,5,0,3,0,0,3,3
Il1b,25,42,26,36,20,35,17,95,21,38,172,39
Snord110,1,1,0,1,0,0,1,1,0,0,2,2
Olfr987,0,0,0,0,0,0,0,0,0,0,0,0
Gm13944,0,0,0,0,0,0,0,0,0,0,0,0
Chd6,2700,3212,2498,2184,2074,1919,2498,2167,2146,1878,3843,2905
Mpped2,26,18,28,22,23,16,17,8,9,10,9,29
Spopl,307,359,308,195,215,227,293,269,351,256,494,300
9430008C03Rik,243,296,231,244,216,152,184,219,255,190,525,242
Cacfd1,976,1147,1055,791,907,788,953,872,1046,590,1607,1099
Cacnb2,1270,1388,1126,805,911,699,828,866,845,801,1527,1216
Gpcpd1,541,737,563,441,490,430,557,610,636,670,1034,583
1700025C18Rik,0,0,0,0,0,0,0,0,0,0,0,0
Olfr1219,0,0,0,0,0,0,0,0,0,0,0,0
Olfr1218,0,0,0,0,0,0,0,0,0,0,0,0
Dph6,432,516,388,284,390,289,412,500,437,371,670,411
Dph7,344,437,358,265,284,244,305,283,315,221,404,395
Olfr1213,0,0,0,0,0,0,0,0,0,0,0,0
Olfr1212,0,0,0,0,0,0,0,0,0,0,0,0
Olfr1211,0,0,0,0,0,0,0,0,0,0,0,0
Olfr1217,0,0,0,0,0,0,0,0,0,0,0,0
Olfr1216,0,0,0,0,0,0,0,0,0,0,0,0
Olfr1215,0,0,0,0,0,0,0,0,0,0,0,0
Olfr1214,0,0,0,0,0,0,0,0,0,0,0,0
Gm14137,0,0,0,0,0,0,0,0,2,1,0,0
Helz2,3204,4226,3367,3126,2945,2685,3355,5217,5814,4047,11769,3524
A930018P22Rik,0,3,0,0,0,3,0,0,0,0,0,2
Gm14139,0,0,0,0,0,0,0,0,0,0,0,0
Mertk,1702,1553,1325,1013,1076,1150,1108,884,676,840,1470,1447
Olfr1020,0,0,0,0,0,0,0,0,0,0,0,0
Edn3,473,490,348,230,402,395,385,157,104,95,141,406
Pacsin3,691,661,589,495,571,523,581,565,564,330,880,622
Dnajc5,3091,3337,2958,2399,2615,2404,2730,2995,3236,2374,5144,3106
Zfp804a,0,2,0,0,0,0,0,0,0,0,0,0
Kcnk15,0,0,0,0,0,0,0,0,0,0,2,0
Dnajc1,2544,2821,2593,1708,2078,1895,2255,2283,2400,1763,3894,2835
Mir3960,14,9,5,11,5,3,13,5,2,3,11,17
Cerkl,2,12,20,8,5,4,7,9,7,5,5,23
9230102O04Rik,0,0,0,0,0,0,0,0,0,0,0,0
Neb,44,35,41,54,44,22,111,42,30,33,147,50
Olfr1029,0,1,0,1,1,0,0,0,0,0,0,0
Olfr48,0,0,0,0,0,0,0,0,0,0,0,0
Psmb7,1510,2047,1646,1198,1359,1291,1513,2046,2486,1683,3313,1765
Lhx2,0,0,0,0,0,0,0,0,2,0,0,0
Lhx3,0,0,0,0,0,0,0,0,0,0,0,4
Lhx6,0,0,3,0,3,0,0,6,6,0,9,0
Cd59a,1267,1436,1111,721,1211,865,1153,828,939,811,1529,1156
Cd59b,44,104,57,36,44,66,87,43,75,61,108,51
Edem2,856,1034,888,832,759,698,677,938,1087,689,1801,1040
Pcif1,1653,2004,1546,1428,1345,1217,1259,1298,1328,1031,2072,1876
Trib3,71,76,94,104,72,57,65,68,65,63,171,114
Slmo2,587,677,600,448,556,437,593,804,957,581,1303,599
Gm13769,0,0,0,0,0,0,0,0,0,0,0,0
Kynu,0,0,0,0,0,0,0,0,0,0,0,0
Ntmt1,477,569,429,402,403,400,423,582,616,357,865,569
Mrps26,680,719,666,568,577,497,566,647,696,440,975,727
Il1f6,0,0,0,0,0,0,0,0,0,0,0,0
Dtd1,535,695,550,377,515,431,490,437,461,326,701,641
Stk4,1081,1120,1004,827,941,817,887,1022,1242,833,1753,1165
Gm13546,0,0,0,0,0,0,0,0,0,0,0,0
Snora65,38,31,43,37,49,26,37,32,60,30,89,26
Sema6d,499,649,641,549,545,624,596,446,557,370,616,682
Nat10,897,1066,859,824,799,640,797,825,1082,737,1658,974
1700019E08Rik,0,0,0,0,0,0,0,0,0,0,0,0
Hnf4aos,0,0,0,0,0,0,0,0,0,0,0,0
Gm13490,0,0,0,0,0,0,0,0,0,0,0,0
Wfdc8,3,3,5,3,0,6,0,0,0,2,7,5
Gm13497,0,0,0,0,0,0,0,0,0,0,0,0
Gm13498,1056,1429,1377,834,1042,800,1028,1425,1868,867,2253,1254
Wfdc3,0,0,0,0,0,0,0,0,0,0,0,0
Wfdc2,18,94,38,12,27,87,44,26,58,13,63,50
Wfdc5,0,0,0,0,0,0,0,0,0,0,0,0
1700026L06Rik,0,0,0,0,0,0,0,0,0,0,0,0
Dlx1as,0,0,0,0,0,0,0,0,0,0,0,0
4933416E03Rik,0,0,0,0,0,0,0,0,0,0,0,0
Ndufa8,881,1060,860,724,813,720,814,1064,1239,855,1636,1049
Ppp4r1l-ps,278,334,272,318,252,203,298,207,193,217,443,289
Rae1,962,1080,894,737,829,737,813,878,962,658,1482,1032
Ada,75,88,71,68,45,55,56,184,237,194,338,98
Ankrd63,6,6,2,3,3,8,2,4,2,2,2,8
Ankrd60,0,0,0,0,0,0,0,0,0,0,0,0
Gm4724,0,0,0,0,0,0,0,0,0,0,459,0
Zfp334,583,641,559,454,460,362,462,445,632,326,812,592
Ccdc73,0,0,0,0,0,0,0,0,0,0,0,0
Ssna1,524,645,547,479,528,389,544,581,757,428,872,622
Slc32a1,0,0,0,0,0,0,0,0,0,0,0,0
Rabepk,308,380,358,256,306,257,279,360,491,277,604,415
Ntsr1,0,0,0,0,0,0,0,0,0,0,0,0
Adam33,259,431,309,615,465,336,419,169,235,171,358,479
Tspan18,895,1219,1049,1016,965,1028,1043,692,727,551,1005,1252
Nfatc2,99,87,55,75,84,84,81,67,50,47,98,85
Chmp4b,4404,4948,4117,3298,3872,3383,4144,4547,5150,3838,7767,4725
Tfpi,2652,3319,2333,1257,2285,1908,2300,2194,2628,1332,3595,2489
Tbc1d13,1434,1578,1406,1154,1409,1186,1333,1580,1711,1069,2365,1579
1700020A23Rik,0,0,0,0,0,0,0,0,0,0,0,0
Fam102a,1408,1537,1412,1112,1342,1142,1323,1429,1650,1261,2373,1495
Nusap1,40,45,39,27,41,26,46,142,353,180,225,46
Barhl1,0,0,0,0,0,0,0,2,0,0,0,0
Avp,0,0,0,0,0,0,0,0,0,0,0,0
Gpr107,2307,2543,2297,1681,2033,1787,2069,2284,2716,1778,3707,2593
Thbd,32454,28141,26936,21191,26116,26279,25362,16729,13187,9909,21686,34266
Odf2,1382,1666,1333,1292,1268,1165,1404,1394,1551,1125,2615,1527
Olfr1170,0,0,0,0,0,0,0,0,0,0,0,0
Srsf6,4724,5445,4173,4254,4418,3380,4329,4280,4788,3238,7444,4501
Olfr1176,0,0,0,0,0,0,0,0,0,0,0,0
Rps21,6274,8764,7451,5997,6271,5796,6248,7014,8153,5025,9934,7541
Olfr1178,0,0,0,0,0,0,0,0,0,0,0,0
Olfr1179,0,0,0,0,0,0,0,0,0,0,0,0
Dhtkd1,191,277,167,171,156,155,118,114,89,121,189,204
Gm10714,0,0,0,0,0,0,0,0,0,0,0,0
Rapsn,20,47,28,32,15,23,13,32,42,27,58,42
Mocs3,157,119,103,117,119,102,106,107,142,85,225,152
Ndufs3,1225,1703,1377,1008,1095,883,1110,1382,1527,1021,2152,1474
Ndufaf1,298,378,270,200,273,186,226,257,332,214,412,294
Olfr1145,0,0,0,0,0,0,0,0,0,0,0,0
Fmnl2,1312,1587,1427,1139,1320,1384,1507,1205,1425,1210,1914,1617
Trp53i11,300,376,319,254,221,191,200,429,537,287,749,342
Olfr1273-ps,0,0,0,0,0,0,0,0,0,0,0,0
Sh3glb2,1113,1258,1038,939,1022,808,963,908,1031,603,1292,1129
Prkcq,0,3,12,9,0,2,0,9,3,0,29,5
Crnkl1,872,920,822,588,697,672,758,892,1006,652,1307,948
4930402F06Rik,0,0,0,0,0,0,0,0,0,0,0,0
Fnbp1,2384,2804,2707,2275,1926,1972,2371,1828,2134,1430,3243,3076
Fnbp4,1587,1864,1520,1547,1377,1158,1471,1419,1542,1195,3094,1651
Ppapdc3,329,314,269,250,287,224,263,235,238,183,387,302
Lsm14b,1084,1047,970,803,861,821,978,974,1259,779,1675,1076
Chrm5,1,3,4,7,1,0,4,0,0,1,2,2
Chrm4,0,9,9,10,3,5,8,7,4,2,8,7
Lrrc26,0,2,0,0,2,2,0,7,0,0,0,0
Arfgap2,2443,2811,2314,1990,2025,1926,2206,2183,2378,1617,3729,2716
Arfgap1,2362,2494,1880,1775,1892,1565,1986,2310,2790,1708,4170,2194
Mvb12b,1505,1499,1340,981,1279,1047,1364,1239,1336,955,1922,1592
Rbbp9,1375,1720,1452,946,1181,1085,1153,1138,1151,875,1613,1520
Gm14436,0,0,0,0,0,0,0,0,0,0,0,0
Gm14434,0,0,0,0,664,0,0,0,0,0,1,0
Gm14431,363,629,356,244,823,555,0,0,427,0,75,340
Gm14430,0,0,0,0,0,0,0,0,0,0,1,0
1700021F07Rik,0,0,0,0,0,0,0,0,0,0,0,0
Olfr1198,0,0,0,0,0,0,0,0,0,0,0,0
Olfr1199,0,0,0,0,0,0,0,0,0,0,0,0
Snta1,1250,1373,1071,897,1031,951,1145,1131,1200,1118,2006,1146
Hnrnpa3,6941,11018,8071,5372,6723,6637,8264,11232,12828,9913,20271,7182
Nrsn2,0,0,0,0,0,0,0,0,0,0,0,0
Olfr1193,0,0,0,0,0,0,0,0,0,0,0,0
Cstad,44,67,18,23,32,18,29,32,35,26,44,36
Olfr1195,0,0,0,0,0,0,0,0,0,0,0,0
Olfr1196,0,0,0,0,0,0,0,0,0,0,0,0
Rin2,6869,6553,6290,4404,4367,5282,4744,4025,4640,2845,5945,7277
F830045P16Rik,0,0,0,0,0,0,0,0,0,0,0,0
Fam73b,1924,1850,1644,1328,1416,1421,1366,1200,1212,701,1978,1841
Suv39h2,52,72,45,37,52,45,54,84,119,59,128,54
2810405F15Rik,0,0,0,1,1,0,0,0,0,0,0,0
Snx5,1317,2047,1665,1353,1578,1303,1514,1710,2141,1261,2587,2132
4933406D12Rik,0,0,0,0,0,0,0,0,0,0,0,0
Gm8898,758,901,761,371,919,1071,0,0,1085,0,1539,920
Dzank1,203,286,236,156,173,165,169,132,113,65,167,294
Romo1,767,1003,785,684,744,652,744,861,890,599,1197,836
Olfr1228,0,0,0,0,0,0,0,0,0,0,0,0
Olfr1229,0,0,0,0,0,0,0,0,0,0,0,0
Olfr1226,0,0,0,0,0,0,0,0,0,0,0,0
Olfr1225,0,0,0,0,0,0,0,0,0,0,0,0
Olfr1222,0,0,0,0,0,0,0,0,0,0,0,0
Olfr1223,0,0,0,0,0,0,0,0,0,0,0,0
Olfr1220,0,0,0,0,0,0,0,0,0,0,0,0
Dapl1,0,0,0,0,0,0,0,0,0,0,0,0
Stk35,840,1046,897,811,865,753,844,1062,1222,1007,1766,1044
Ddb2,384,524,395,441,357,293,344,323,278,244,550,444
Stk39,344,511,430,342,382,341,408,405,514,406,657,448
Ccdc183,0,0,0,0,0,0,0,0,0,0,0,0
Tyro3,459,453,478,387,510,404,554,579,752,409,840,463
Zfp385b,40,34,47,21,46,33,52,29,30,31,65,38
Ptrh1,90,118,113,82,110,83,107,172,241,140,298,111
Mkks,540,633,508,411,502,488,525,493,645,353,718,648
Gad1,0,0,2,0,0,0,0,0,2,0,0,0
Gad2,1,1,7,1,0,0,0,41,67,7,6,2
Rbbp8nl,0,0,0,0,0,0,0,0,0,0,0,0
Bcl2l1,1893,1918,1578,1283,1688,1374,1592,1447,1538,1145,2296,1844
Ptpla,102,125,76,111,133,80,160,192,188,159,315,91
Spc25,8,6,6,9,17,5,12,144,334,119,150,5
Wdr76,81,140,93,56,82,68,91,162,195,124,224,109
Fam65c,254,289,224,246,284,201,258,188,223,150,350,251
Gm13629,0,0,0,0,0,0,0,0,0,0,0,0
Prrc2b,16121,16889,14564,12082,13343,12169,13783,13168,14570,10504,24651,17813
Cdh22,361,404,395,283,326,228,404,230,291,126,212,369
Camsap1,1350,1430,1330,1070,1306,1112,1382,1229,1457,943,2112,1422
Cdh26,0,0,0,0,0,0,0,0,0,0,0,0
Olfr32,0,0,0,0,0,0,0,0,0,0,0,0
Psmc3,2804,3444,2902,2294,2495,2248,2595,3698,4473,2902,6371,3039
Dolk,587,666,604,463,527,415,526,581,687,410,908,667
Ldlrad3,1055,1139,975,640,824,741,842,881,1065,722,1205,1089
4931423N10Rik,0,0,0,0,0,0,0,0,0,0,0,0
Gm13710,0,0,0,0,0,0,0,3,3,0,2,0
Zcchc3,242,243,212,179,189,142,189,222,258,166,410,231
Nkain4,320,312,215,179,362,318,365,203,242,193,357,299
Epb4.2,0,0,0,0,0,0,0,0,0,0,0,0
Gm13539,0,0,0,0,0,0,0,0,0,0,0,0
Prpf40a,1452,1612,1367,957,994,1105,1293,1515,1767,1308,2568,1459
Gchfr,3,0,0,0,3,0,0,0,0,0,4,0
5430405H02Rik,134,166,124,128,105,87,111,107,97,73,184,142
Mir195b,0,0,0,0,0,0,0,0,0,0,0,0
Plcg1,2383,2531,2241,1853,1839,1787,2096,1903,2074,1518,3203,2563
Dido1,1889,2497,1949,1580,1565,1476,1710,2028,2196,1556,3536,2216
Phyh,1002,1355,1172,812,964,778,1004,1019,1058,848,1790,1253
Gins1,40,75,49,26,36,36,34,103,167,100,136,46
4930470P17Rik,0,0,0,0,0,0,0,0,0,0,0,0
Ggta1,164,228,182,157,200,222,169,220,358,161,324,228
Stam2,1162,1292,1114,770,932,956,1028,1394,1556,1180,2098,1234
Gm13446,0,0,0,0,0,0,0,0,0,0,0,0
Lrp1b,0,0,0,0,0,0,0,0,0,0,0,0
Ggt7,81,223,178,112,95,72,89,183,198,132,341,146
Mdk,1827,2137,1626,1099,1731,1229,1548,1395,2014,1096,1966,1563
Fbxo18,2308,2783,2345,1932,2159,2053,2299,2282,2593,1665,3440,2633
BC005624,1290,1663,1427,1089,1125,1021,1137,1098,1281,803,1743,1579
Ddrgk1,2379,2819,2341,2104,2133,1748,1974,1600,1614,1197,2842,2730
Spata2,630,762,731,615,638,594,603,637,807,572,1160,811
Mir1954,0,0,0,0,0,0,0,0,0,0,0,0
Mir1955,0,0,0,0,0,1,1,0,0,1,0,0
Mir1952,0,0,0,0,0,0,0,0,0,0,0,0
Mir1953,1,0,0,0,0,0,1,0,0,0,0,0
Mir1951,0,0,0,0,0,0,0,0,0,0,0,0
Ak8,5,2,3,0,1,3,3,2,2,1,7,3
Galk2,406,562,552,364,486,422,506,568,782,427,899,570
Ambra1,1572,1808,1615,1396,1372,1239,1352,1316,1402,1103,2300,1895
Insm1,0,0,0,0,0,0,0,0,1,1,0,1
A530058N18Rik,0,0,0,0,0,0,0,0,0,0,0,0
Lzts3,886,872,801,658,725,675,687,534,589,377,945,934
Ddx27,893,960,894,727,801,672,821,918,1101,710,1609,956
C130021I20Rik,0,0,0,6,0,0,0,0,0,0,4,0
Mrps5,626,813,652,493,544,506,539,643,809,515,1141,716
Mrps2,454,485,407,334,407,319,388,584,633,402,856,464
LOC171588,0,2,2,0,0,0,0,2,0,2,3,0
Dennd1a,1095,1308,1102,1029,996,836,1091,1006,1068,824,1922,1346
Mir7665,0,1,0,1,0,0,0,0,0,0,0,0
Olfr1164,0,0,0,0,0,0,0,0,0,0,0,0
Olfr1167,0,0,0,0,0,0,0,0,0,0,0,0
Olfr1166,0,0,0,0,0,0,0,0,0,0,0,0
Olfr1161,0,0,0,0,0,0,0,0,0,0,0,0
Olfr1160,0,0,0,0,0,0,0,0,0,0,0,0
Olfr1163,0,0,0,0,0,0,0,0,0,0,0,0
Olfr1162,0,0,0,0,0,0,0,0,0,0,0,0
Cercam,2080,2016,1850,1674,2117,1777,2051,1858,2330,1536,2482,1988
Mir7655,1,1,3,1,0,1,1,1,1,0,1,3
Slc12a5,0,6,3,10,4,0,0,0,9,3,8,6
Slc12a6,2281,2090,2232,1893,2054,1900,1908,1654,1670,1312,2517,2734
Slc12a1,0,0,0,0,0,0,0,0,0,2,0,0
Cwc22,684,876,724,539,557,531,641,669,727,538,1147,824
a,0,0,0,0,0,0,0,0,0,0,0,0
Scn7a,13402,15420,13368,9912,11293,12257,12387,9595,7713,7853,15796,15851
Apbb1ip,558,872,819,865,702,661,741,958,1422,897,1527,1005
Birc7,0,0,0,0,0,0,0,0,0,0,0,0
Mylk2,0,3,3,5,0,0,0,0,7,3,7,0
Cry2,1734,2305,1650,1557,1423,1631,1121,1000,867,1120,1798,2230
Mir6419,0,0,0,0,0,0,0,0,0,0,0,0
Trim44,3778,4167,3522,2689,3485,3037,3522,3355,3664,2732,5714,3752
Snai1,3086,2727,2705,2082,2132,1678,2044,3487,3439,2364,6424,2885
4921507L20Rik,0,3,0,0,5,0,2,0,0,2,9,0
Vstm2l,0,0,0,0,0,0,0,0,0,0,0,0
Ccndbp1,958,1085,885,711,800,694,699,761,865,625,1231,1039
Uckl1os,0,4,0,0,0,0,0,0,2,2,0,2
Olfr1506,0,0,0,0,0,0,0,0,0,0,0,0
Nanp,103,163,120,106,128,103,96,138,198,123,187,156
Otor,0,0,0,0,0,0,0,0,0,0,0,3
Bend7,26,23,41,20,20,36,40,26,18,19,40,28
Surf2,330,452,381,377,366,278,354,386,381,270,619,443
Slc2a4rg-ps,279,311,267,297,263,179,208,172,169,120,375,275
Zfp217,1137,1387,1096,1038,953,832,922,1102,1302,867,1911,1335
Sun5,0,0,0,0,0,0,0,0,0,0,0,0
Mir297b,0,0,0,0,0,0,0,0,0,0,0,0
Zc3h15,1183,1400,1232,960,1162,925,1172,1591,1659,1045,2221,1177
Lrrc57,604,758,649,515,561,501,582,520,560,484,738,734
Lrrc55,19,45,31,21,28,20,19,25,40,19,34,38
Atf2,1471,1881,1466,1117,1094,1118,1329,1315,1325,1190,2158,1769
Abtb2,1020,1080,1020,820,750,876,847,859,822,507,1311,1136
Nr4a2,7913,10037,5033,4488,6633,5896,7917,5905,4500,5148,8645,5273
Gm14420,3843,5838,3617,2992,3320,2578,2671,2269,1820,2237,5310,4066
Gm14393,0,0,0,0,0,0,12,0,0,9,32,31
Gm14391,464,0,0,0,360,0,442,0,500,0,0,748
Olfr1038-ps,0,0,0,0,0,0,0,0,0,0,0,0
Olfr339,0,0,0,0,0,0,0,0,0,0,0,0
Il15ra,189,306,196,251,183,156,180,263,388,287,610,298
Lbp,1282,1986,1544,1517,1440,1299,1611,1775,1802,1768,3374,1763
Olfr1189,0,0,0,0,0,0,0,0,0,0,0,0
Olfr1188,0,0,0,0,0,0,0,0,0,0,0,0
Inpp5e,1138,1349,1095,883,1005,777,762,877,983,681,1490,1215
Olfr1183,0,0,0,0,0,0,0,0,0,0,0,0
Olfr1182,0,0,0,0,0,0,0,0,0,0,0,0
Olfr1181,0,0,0,0,0,0,0,0,0,0,0,0
Olfr1180,0,0,0,0,0,0,0,0,0,0,0,0
Olfr1186,0,0,0,0,0,0,0,0,0,0,0,0
Olfr1184,0,0,0,0,0,0,0,0,0,0,0,0
Plagl2,585,674,532,476,493,430,493,554,581,355,877,660
Eng,3784,4270,4080,3471,3550,3011,3272,3979,3894,2802,6663,4508
Obp2b,0,0,0,0,0,0,0,0,0,0,0,0
Obp2a,0,0,0,0,0,0,0,0,0,0,0,0
Rc3h2,965,1264,934,833,1278,986,1148,976,1102,914,1642,1094
Timm10,137,150,153,132,116,89,114,203,240,153,339,157
Plekha3,854,1006,847,619,770,692,777,796,922,621,1317,895
Olfr1231,0,0,0,0,0,0,0,0,0,0,0,0
Olfr1230,0,0,0,0,0,0,0,0,0,0,0,0
Olfr1233,0,0,0,0,0,0,0,0,0,0,0,0
Olfr1232,0,0,0,0,0,0,0,0,0,0,0,0
Olfr1234,0,0,0,0,0,0,0,0,0,0,0,0
Olfr1239,0,0,0,0,0,0,0,0,0,0,0,0
Olfr1238,0,0,0,0,0,0,0,0,0,0,0,0
Mbd5,820,910,773,659,642,699,792,746,815,584,1347,981
Aurka,53,79,64,40,40,28,56,240,464,287,352,56
Usp6nl,1512,1444,1280,820,920,1021,1051,1387,1389,943,2143,1417
Prpf6,2112,2350,2172,1607,1594,1560,1833,1863,2015,1343,3067,2199
Shc4,89,143,129,70,66,57,90,167,267,118,254,89
Phpt1,808,1039,812,626,760,638,728,829,974,577,1295,823
Trmt6,325,449,347,291,316,222,337,495,524,429,869,396
Cstl1,0,0,0,0,0,0,0,0,0,0,0,0
Pkp4,1093,986,839,546,802,776,923,616,828,493,1011,878
Snap25,0,0,0,0,0,0,0,0,0,0,0,0
Ninl,637,869,699,643,634,512,606,679,778,471,1255,789
Mir5129,1,1,1,1,1,1,1,1,1,1,1,1
Sox18,91,48,37,28,27,74,18,69,44,9,67,93
Wt1,8,168,36,89,156,35,49,47,166,31,49,194
Traf6,942,1147,1007,715,801,769,886,862,766,630,1272,1115
Fitm2,538,442,426,303,313,393,388,346,374,272,553,577
Sox12,201,157,140,147,178,110,151,410,590,334,689,189
Phf21a,1665,1734,1662,1281,1032,1474,1508,1291,1488,1125,2472,1854
Slc34a3,0,0,0,0,0,0,0,0,0,0,0,0
Rgs19,326,362,332,259,290,219,332,460,617,302,707,346
Fermt1,0,0,0,0,0,0,0,0,0,0,0,0
Olfr1284,0,0,0,0,0,0,0,0,0,0,0,0
Abhd16b,0,0,0,0,0,0,2,0,0,0,0,0
Mcm10,0,7,2,0,7,4,3,139,277,129,180,3
Ergic3,4279,5172,4794,3594,4190,3577,4209,4396,4924,3125,6444,5119
Gfra4,20,49,36,5,32,24,18,24,34,13,37,60
8030411F24Rik,0,0,0,0,0,0,0,0,0,0,0,0
4930515L03Rik,0,0,0,0,0,0,0,0,0,0,0,0
Lrp2,3,25,2,7,2,6,2,7,44,2,27,5
Traf1,63,99,50,57,70,34,51,131,297,98,252,74
Traf2,799,1022,911,693,753,595,683,864,922,614,1579,970
Clic3,5,31,10,0,4,9,6,9,17,3,10,11
Lrp4,22666,21709,18129,14017,16129,14714,17677,14549,10246,12524,28805,21532
Btbd18,0,0,0,0,0,0,0,0,0,0,0,0
Zscan29,936,1000,896,623,754,720,740,678,713,540,1124,949
Snora43,0,3,3,4,1,1,1,3,0,2,3,1
Acp2,3313,3794,3271,2091,2596,2308,2803,3010,3207,2292,4635,3719
1700010B08Rik,0,0,0,0,0,0,0,0,0,0,0,0
Chrna4,2,4,0,3,4,2,0,7,7,7,0,4
Mir3098,0,0,0,0,0,0,0,0,0,0,0,0
Chrna1,0,6,0,0,0,4,4,4,0,9,13,0
Acoxl,9,6,0,0,2,5,12,0,5,0,6,0
Mir3091,4,4,3,5,3,5,2,5,12,5,7,3
Zfyve19,454,465,411,340,371,283,340,359,434,286,627,462
Matn4,853,682,779,617,538,598,512,584,452,247,620,777
Klhl23,269,248,194,128,226,159,207,245,320,196,355,195
Tmco5,0,0,0,0,0,0,0,0,0,0,0,0
Enkur,12,24,6,10,6,8,17,15,7,6,24,25
Ube2v1,2784,3047,2622,2143,2606,2159,2551,3481,4082,2584,5395,2988
Tfap2c,0,0,0,0,0,0,0,0,0,0,0,0
Mir684-1,60,95,46,48,146,63,55,68,95,77,111,76
Olfr1042,0,0,0,0,0,0,0,0,0,0,0,0
Spred1,2382,2533,2154,1602,2246,2031,2046,2746,3219,2030,4198,2485
BC029214,510,570,437,468,464,380,373,342,348,293,544,486
Rag2,0,0,0,0,0,0,0,0,0,0,0,0
Rag1,0,0,0,0,0,0,0,0,0,0,0,0
Upf2,1119,1271,1071,862,1008,932,1132,1031,1162,783,1778,1283
Actr5,331,353,284,283,232,216,252,191,244,169,515,346
Btbd3,3022,2985,1678,1786,2281,2225,2171,1926,1092,1573,2858,3027
Adamtsl2,24836,14974,14341,11040,17556,16628,19314,16144,10995,15591,28557,14396
Kiz,673,824,662,526,602,536,590,610,615,413,826,751
Galnt13,0,0,0,0,0,0,0,0,0,0,0,0
Frzb,13,45,71,49,13,21,44,56,112,34,40,59
Mtg2,451,530,439,363,358,337,341,376,388,238,534,473
Mllt10,1393,1440,1316,1052,1100,1102,1232,1190,1137,903,2004,1463
AU019990,0,0,0,0,0,0,0,0,0,0,0,0
Kin,294,419,290,284,324,233,279,270,289,195,469,295
Mir695,0,0,0,0,0,0,0,0,0,0,0,0
Mir126,0,0,0,0,0,0,0,1,0,0,1,0
Kif16b,877,1022,866,565,677,673,814,723,873,608,1079,981
Phgr1,0,0,0,0,0,0,0,0,0,0,0,0
Ptgis,11440,13082,11066,8799,9212,8471,9233,9805,7984,9396,17569,11954
AI646519,0,0,4,0,0,0,2,0,0,0,0,0
Fibin,1266,1289,1370,1141,1170,1330,1145,1313,1172,1026,2028,1691
Ddx31,258,294,297,222,284,198,312,340,331,216,523,269
Catsper2,30,40,38,36,31,32,23,23,42,27,63,28
Olfr259,0,0,0,0,0,0,0,0,0,0,0,0
6530402F18Rik,481,508,489,391,314,337,350,411,467,246,638,532
Pnpla7,572,634,602,564,507,468,383,494,525,483,848,736
Lcn10,0,0,0,0,0,0,0,0,0,0,0,0
Lcn12,0,0,0,0,0,0,0,0,0,0,0,0
Bambi-ps1,37,51,22,25,34,33,21,27,22,14,45,34
Slc39a12,0,0,0,0,0,0,0,0,0,0,0,0
Slc39a13,2291,2149,2052,1656,2205,1600,1972,2171,2631,1466,3588,2246
Nsun6,185,263,174,155,128,152,177,201,181,136,340,196
Nacc2,1541,1449,1384,1014,1359,1295,1613,1389,1590,1033,2457,1636
Adrm1,1828,1946,1640,1534,1612,1254,1530,2032,2191,1548,3472,1798
Lrrc4c,14,22,11,17,13,13,4,33,53,38,43,12
Hoxd8,2,15,5,14,24,2,7,5,10,3,0,15
Hoxd9,0,4,0,0,0,0,0,0,0,0,0,0
Hoxd4,0,6,0,5,2,0,3,1,4,0,0,6
Eef1a2,6,11,18,29,3,15,7,6,8,0,0,21
Zfp120,284,337,253,197,267,211,207,294,275,204,391,282
Hoxd3,41,38,36,35,31,20,28,31,36,24,62,47
Il1f9,0,0,0,5,3,0,0,0,5,4,13,0
Il1f8,0,0,0,0,0,0,0,0,0,0,0,0
Rabl6,2207,2465,2140,1851,1920,1560,1930,2034,2399,1490,3488,2303
Slc30a4,1207,1342,1174,873,1092,1074,1195,1301,1476,963,1891,1397
Mybl2,22,15,22,33,28,24,16,165,395,136,244,31
Ckap2l,20,26,9,13,37,9,24,359,763,362,526,19
Il1f5,0,0,0,0,0,0,0,0,0,0,0,0
Pank2,1159,1345,1088,1094,1191,1045,1258,1133,1226,793,1842,1280
Bpi,0,0,0,0,0,0,0,0,0,0,0,0
Ucma,0,0,0,0,0,0,0,0,0,0,0,0
Frmd4a,1506,1517,1149,952,1161,958,1188,1448,1723,1205,2141,1326
Olfr347,0,0,0,0,0,0,0,0,0,0,0,0
Gm5424,102,180,194,116,122,122,0,206,343,104,256,141
Crls1,360,427,288,281,389,318,400,406,448,321,582,376
Cables2,1015,974,1017,792,909,671,941,911,946,622,1540,1010
Pcna,1473,2114,1634,1182,1335,1287,1504,2313,3276,1784,3291,1682
Fbn1,55756,55760,49960,45857,58062,48738,71916,76717,92937,68320,136413,60698
Mcts2,125,166,103,108,109,84,117,143,126,115,265,118
Nup188,1580,1663,1507,1139,1385,1234,1429,1893,2468,1404,3393,1591
Prokr2,0,0,0,0,0,0,0,0,0,0,0,0
Mir467a-8,0,0,0,0,0,0,0,0,0,0,0,0
Mir467a-9,0,0,0,0,0,0,0,0,0,0,0,0
Lpin3,1055,1049,843,879,768,718,742,683,675,601,1130,1005
Mir467a-1,0,0,0,0,0,0,0,0,0,0,0,0
Mir467a-2,0,0,0,0,0,0,0,0,0,0,0,0
Mir467a-4,0,0,0,0,0,0,0,0,0,0,0,0
Mir467a-5,0,0,0,0,0,0,0,0,0,0,0,0
Mir467a-7,0,0,0,0,0,0,0,0,0,0,0,0
A930006I01Rik,0,2,0,0,3,0,0,0,0,0,0,0
Cse1l,1377,1488,1188,920,1373,1127,1385,1809,2267,1298,2446,1458
Zmynd19,295,362,271,231,313,256,309,352,464,255,584,307
Tpx2,49,55,53,20,58,24,64,653,1458,642,995,42
Bub1b,105,131,64,88,83,81,89,545,1158,465,749,148
Sdcbp2,0,6,15,0,12,0,3,8,7,12,22,13
1700017J07Rik,0,0,0,0,0,0,0,0,0,0,0,0
Gm14092,0,0,0,0,0,0,0,0,0,0,0,0
Hspa12b,696,725,596,661,769,627,671,452,490,369,698,727
Ppp1r26,209,183,204,130,163,125,140,182,209,118,304,202
Olfr1120,0,0,0,0,0,0,0,0,0,0,0,0
Slc43a3,29457,33901,25264,19910,23310,24476,23596,19270,14454,16862,31734,30230
Olfr1123,0,0,0,0,0,0,0,0,0,0,0,0
Slc43a1,538,713,615,652,589,527,520,528,609,453,829,764
Olfr1089,0,0,0,0,0,0,0,0,0,0,0,0
Cpxm1,14801,20870,16045,11180,16159,10945,12698,17072,19702,11805,23100,17174
Myl9,1560,1661,1359,1089,1812,1163,1742,1291,1911,1207,2038,1206
Olfr1245,0,0,0,0,0,0,0,0,0,0,0,0
Olfr1246,0,0,0,0,0,0,0,0,0,0,0,0
Olfr1247,0,0,0,0,0,0,0,0,0,0,0,0
Olfr1240,0,0,0,0,0,0,0,0,0,0,0,0
Olfr1241,0,0,0,0,0,0,0,0,0,0,0,0
6430710C18Rik,0,0,0,0,0,0,0,0,0,0,0,0
Olfr1243,0,0,0,0,0,0,0,0,0,0,0,0
Gorasp2,4286,4748,4076,3076,3663,3080,3875,4905,5455,3724,7907,4439
Olfr1248,0,0,0,0,0,0,0,0,0,0,0,0
Olfr1249,0,0,0,0,0,0,0,0,0,0,0,0
Abca2,2421,2933,2468,2110,2227,1927,2195,1258,1403,916,1995,2817
Olfr52,0,0,0,0,0,0,0,0,0,0,0,0
Dnajc24,249,252,209,198,216,183,197,265,259,182,373,273
Hnf4a,0,0,0,0,0,0,0,0,0,0,0,0
Csrp2bp,885,843,826,690,783,738,770,867,1058,670,1414,881
Cdan1,615,682,577,543,579,477,631,690,723,488,1062,702
Hspa5,31169,38201,35814,22418,26690,22692,25597,39314,41819,19696,62702,31268
Abcb11,0,0,0,0,0,0,0,5,0,0,8,0
Fam83c,0,0,0,0,0,0,0,0,0,0,0,0
Pigu,617,762,624,416,640,463,586,676,807,498,1038,732
Tnnc2,0,0,0,0,0,0,0,0,0,0,0,0
Caprin1,4709,5067,4617,3486,4382,3955,4573,7121,9004,4991,10371,4945
H2afb1,1,0,0,0,0,1,1,2,0,0,0,0
Acss2,990,1274,1060,751,781,759,751,738,731,523,1054,1146
Acss1,131,190,107,95,88,93,109,116,108,52,134,100
B230118H07Rik,293,452,368,208,361,236,298,350,394,212,437,400
Ciao1,1110,1297,1166,941,951,857,932,1047,1199,826,1492,1349
Nespas,0,0,0,0,0,0,0,0,13,3,4,0
Arhgap15,120,155,140,82,103,85,96,77,73,64,146,148
Tpd52l2,2425,3102,2740,1987,2253,1960,2252,2186,2284,1575,3291,3016
Tox2,3,4,9,0,11,0,7,5,4,10,11,8
Scrn3,384,510,369,294,327,321,299,331,366,236,438,391
Ptpn1,2284,2295,2078,1744,1927,1592,1927,2473,2815,1689,4422,2261
Rab14,3508,4111,3268,2447,3662,2938,3247,3793,4094,2795,5295,3718
Mir3087,0,0,0,0,0,0,1,0,0,0,0,0
Accsl,0,0,0,0,0,0,0,0,0,0,0,0
Orc4,580,694,491,409,631,577,578,642,575,492,774,631
Mir3088,0,0,0,0,0,0,0,0,0,0,0,0
Vapb,3523,3937,3375,2459,3425,2710,3263,2937,3315,2194,4515,3534
Ctnnd1,7951,7705,6856,5034,5795,5780,6835,6923,7740,4978,11011,8085
Gdf5,0,0,0,0,3,0,0,0,3,0,0,0
Cd302,4405,6099,4852,3528,4430,4135,4542,3838,3483,3009,6612,5400
Rad51,46,29,21,23,27,27,39,154,325,161,239,35
Mfap1b,2737,3107,2852,2002,2144,1994,2212,1961,2173,1468,3226,2989
Mfap1a,3205,3695,3378,2363,2576,2388,2620,2388,2661,1796,3825,3521
Lypd6,0,0,2,0,0,0,0,3,0,0,0,0
Rbl1,168,292,222,154,133,128,188,444,738,460,682,231
Sptan1,16160,19899,16611,12761,15170,12876,16591,15463,17051,12483,28853,19019
Ttl,1321,1363,1282,972,1084,1022,1258,999,1109,681,1352,1331
Fmn1,265,353,319,242,213,183,252,336,523,303,527,331
Serping1,102159,124222,113274,88459,99298,90152,102015,109786,98574,96121,207273,122883
Hypk,876,1094,990,737,927,636,819,1081,1301,915,1722,971
Zfp341,227,185,154,130,130,118,149,157,154,121,245,190
Skida1,82,96,85,60,64,70,80,66,87,69,138,83
Epb4.1l1,1450,1791,1436,1108,1220,1135,1450,1287,1796,961,2000,1708
Zfp345,4,0,0,0,5,0,0,0,0,2,5,0
Nrarp,20,14,16,10,8,11,7,11,8,3,10,18
Nxt1,212,293,237,200,215,184,195,331,372,224,487,282
Rnf208,24,20,23,23,15,10,11,6,5,14,24,22
Sh2d3c,209,234,212,211,185,198,108,177,133,139,367,302
Tmem8c,36,22,21,11,23,18,32,66,33,72,140,13
Sycp2,0,6,3,0,0,0,0,2,0,0,4,0
Dlx1,0,0,0,4,0,0,0,2,0,0,4,0
Dlx2,0,0,0,0,0,0,0,0,0,0,0,0
Gfi1b,0,0,0,0,0,0,0,0,0,0,0,0
1700054M17Rik,0,0,0,0,0,0,0,0,0,0,0,0
Ap5s1,371,427,322,310,291,254,293,372,343,283,562,368
Fcna,0,0,0,0,0,0,0,0,0,0,0,0
Il1f10,0,0,0,0,0,0,0,2,4,0,0,0
Sgk2,0,0,0,0,0,0,0,0,0,0,0,0
Ctsa,5502,6476,6124,4743,4975,4212,4900,5111,5837,3648,7540,6248
Vav2,1590,1545,1364,1038,1054,1084,1194,1458,1524,1250,2929,1592
Ctsz,5960,7071,6708,5180,5597,4808,5698,5099,5739,3592,7584,6957
Rexo4,954,1053,959,814,828,712,830,899,1085,604,1704,1034
Gpr176,231,402,393,220,221,115,190,957,1349,692,1437,308
Metap1d,660,872,693,696,668,502,700,561,492,402,1026,655
Hoxd12,0,0,0,0,0,0,0,0,0,0,0,0
Cenpb,5248,5350,4599,3894,4878,3910,4852,4397,5328,3905,6797,4880
Hoxd10,0,0,0,0,0,0,0,0,0,0,0,0
Hoxd11,0,0,0,0,0,0,0,0,0,0,0,0
Snord67,0,0,0,0,0,0,0,0,0,0,0,0
Rpusd2,91,103,117,78,81,81,76,97,80,70,160,113
Ckap5,1883,2205,1875,1378,1664,1456,1828,1999,2749,1794,3565,2075
Bbs5,182,266,209,157,194,174,181,185,184,143,268,229
Ptges2,400,441,354,351,365,328,401,518,535,344,821,442
Nudt5,248,276,266,208,231,178,211,407,545,286,590,265
Scn9a,0,0,0,0,0,0,0,0,0,0,0,0
Trim69,5,15,10,4,7,5,8,34,20,18,44,3
Prkra,572,734,581,460,568,449,556,657,684,488,925,657
Fbln7,275,867,870,698,370,389,407,321,327,186,294,789
Accs,436,530,414,350,357,284,295,336,301,269,664,460
Olfr1272,0,0,0,0,0,0,0,0,0,0,0,0
Gnas,33450,36860,30119,23569,30674,24739,29668,29734,34673,22443,43691,33325
Pkn3,31,21,6,20,28,9,11,63,124,46,107,26
Evx2,0,0,0,0,0,0,0,0,0,0,0,0
Ythdf1,1830,1942,1693,1413,1589,1474,1665,1743,1941,1283,2632,1880
Napb,115,146,102,87,91,92,94,76,71,76,135,117
Snrpb,3090,3777,3154,2597,2959,2433,2773,3410,3985,2439,5159,3474
Ppp1r1c,0,0,0,0,0,0,0,0,0,0,0,0
4930529M08Rik,0,0,0,0,0,0,0,0,0,0,0,0
Mir7674,2,1,3,2,2,1,2,1,1,2,2,2
Spata5l1,198,149,179,161,166,128,155,186,219,106,268,147
Mir7678,0,1,1,1,0,1,0,1,1,1,1,1
Angpt4,170,186,174,147,221,205,197,114,121,73,137,212
Fam171a1,6252,6099,5482,3749,4995,4396,5168,5063,5008,3448,6891,6178
4930440I19Rik,0,0,0,0,0,0,0,0,0,0,0,0
Wfdc15a,0,0,0,0,0,0,0,0,0,0,0,0
Wfdc15b,0,0,0,0,0,0,0,0,0,0,0,0
Cds2,6034,2600,5791,4421,4855,4939,5320,4365,3932,3262,7714,7246
Slc2a10,1120,1280,1046,847,1105,848,1040,1095,1047,737,1699,1103
Cox4i2,5,8,6,0,5,12,13,13,18,5,16,13
Scn2a1,612,582,539,403,460,399,541,375,413,283,565,663
Fam107b,140,176,152,152,173,195,234,170,221,161,258,213
Alkbh3,485,649,459,439,416,340,425,527,526,449,869,537
Entpd6,164,221,180,159,188,138,185,230,331,184,395,167
Esf1,567,790,547,411,501,444,538,591,651,531,988,615
Entpd2,2603,3431,3916,4325,3461,4046,4073,1678,1908,1363,2182,4386
Hspa14,786,1003,822,646,699,579,792,1004,1206,804,1745,837
Entpd8,0,0,0,0,0,0,0,0,0,0,0,0
Zbtb43,685,754,646,555,624,427,485,519,620,410,940,693
Tor1a,810,943,846,654,764,673,722,801,897,558,1155,856
Zbtb46,189,195,206,210,164,162,166,203,238,146,394,202
Tor1b,2279,2604,2396,1794,1939,1699,1949,2080,2262,1457,3176,2543
Map1lc3a,2738,2968,2419,2106,2230,2119,2507,1763,1672,1296,2641,2770
Olfr1257,0,0,0,0,0,0,0,0,0,0,0,0
Olfr1256,0,0,0,0,0,0,0,0,0,0,0,0
Olfr1255,0,0,0,0,0,0,0,0,0,0,0,0
Olfr1254,0,0,0,0,0,0,0,0,0,0,0,0
Olfr1253,0,0,0,0,0,0,0,0,0,0,0,0
Olfr1252,0,0,0,0,0,0,0,0,0,0,0,0
Olfr1251,0,0,0,0,0,0,0,0,0,0,0,0
Olfr1250,0,0,0,0,0,0,0,0,0,0,0,0
Cyct,0,0,0,0,0,0,0,0,0,0,0,0
Gpat2,0,0,5,0,5,0,3,2,14,0,0,0
Olfr1259,0,0,0,0,0,0,0,0,0,0,0,0
Olfr1258,0,0,0,0,0,0,0,0,0,0,0,0
Gm14405,0,0,0,0,0,0,0,37,25,0,0,0
Gm14403,862,1292,791,587,1002,582,712,819,743,712,1263,900
A930004D18Rik,262,187,194,131,203,162,205,236,287,217,350,212
Necab3,17,27,13,38,36,22,26,14,21,24,28,47
Phyhd1,1521,1851,1368,1381,1215,1020,1080,1102,799,880,2450,1608
Slc9a8,1346,1700,1300,1260,1198,905,1073,1113,1111,880,2053,1427
Nsmf,3056,3320,3027,2640,2745,2173,2498,2439,2445,1799,3891,3244
Mgme1,400,455,495,340,436,315,364,311,372,198,449,511
Elmo2,3337,3451,3006,2747,3013,2678,3225,2689,3089,1871,4497,3527
4930555B11Rik,0,0,0,0,0,0,0,0,0,0,0,0
4833423E24Rik,0,0,0,0,0,0,0,0,0,0,0,0
Slc13a3,0,0,0,0,0,0,0,0,0,0,8,0
Pramel6,0,0,0,0,0,0,0,0,0,0,0,0
Pramel7,0,0,0,0,0,0,0,0,0,0,0,0
9630028H03Rik,0,0,0,0,0,0,0,0,0,0,0,0
Ctnnbl1,951,983,830,717,808,657,768,842,960,641,1467,980
Lrrc8a,2197,2077,1952,1688,1869,1674,1843,2011,2204,1619,3585,2217
Mavs,1205,1375,1120,930,1049,922,1051,963,1061,720,1532,1260
Pofut1,3648,4165,3694,2661,3394,2856,3262,2869,3027,2089,4201,4389
Taf3,761,744,708,459,529,529,601,510,507,389,863,723
Sqrdl,2875,3729,3163,2353,2590,2530,2738,2230,2110,1694,3610,3649
Mastl,10,22,11,20,13,11,24,112,256,150,152,31
Gtsf1l,4,0,3,0,0,0,0,0,0,0,5,0
Phospho2,353,499,421,311,372,317,346,392,409,261,565,432
Anapc1,4991,5961,4881,3752,4376,3841,4733,5233,6271,4217,8518,5670
Fam217b,174,196,154,95,102,115,141,158,175,125,243,206
Lcn11,0,0,0,0,0,0,0,0,0,0,0,0
Mir3967,0,0,0,0,0,0,0,0,0,0,0,0
Mal,4,4,2,0,5,0,7,3,5,0,6,5
Mir3963,0,0,0,1,0,0,0,0,0,0,0,0
Slc28a2,0,0,0,0,0,0,0,0,3,0,3,2
Etohi1,512,685,368,348,374,352,302,374,367,295,743,368
Eif6,1234,1382,1210,993,1069,930,1116,1712,2204,1365,2995,1308
Gm13293,29,24,17,5,17,10,15,21,24,26,54,21
AA467197,0,0,0,2,0,0,2,62,113,70,112,6
Rbm43,698,998,765,604,666,548,681,715,771,562,1110,846
Aplnr,54,49,52,31,40,31,16,39,38,23,54,76
Rbm45,604,615,524,468,441,395,436,604,688,411,844,569
Rapgef4,102,87,78,62,50,63,48,25,31,22,41,117
Rapgef1,3534,3771,3415,2877,3245,3011,3331,3297,3573,2539,5425,4060
Ppdpf,778,882,767,617,770,566,689,699,831,429,963,877
Nostrin,476,501,463,280,340,290,355,307,263,278,558,456
Dpp4,287,585,493,953,619,615,566,320,265,234,336,1046
Dpp7,1193,1594,1582,1319,1227,1074,1147,935,1072,676,1400,1669
Ptpmt1,474,612,492,336,435,390,437,488,581,425,805,563
Prnd,0,0,0,0,0,0,0,0,0,0,0,0
BC061194,15,18,5,0,0,4,0,3,0,0,0,7
Foxa2,8,5,3,8,7,4,6,5,3,3,6,0
Disp2,15,11,13,7,4,26,7,31,35,34,74,29
Sp9,0,0,0,0,3,0,0,0,0,0,0,0
Mir1902,1,1,1,1,1,1,1,1,1,1,1,1
Ccdc32,487,602,488,338,423,349,452,403,418,301,697,569
1700084E18Rik,4,8,1,3,4,1,4,7,8,9,12,5
Sp3,3239,3618,2971,2173,1884,2056,3046,2734,3005,2105,4141,3472
Epc2,1326,1628,1404,1089,1172,1212,1222,1189,1127,918,1762,1508
Sp5,0,6,0,4,0,0,3,7,26,5,3,0
Ccdc34,267,354,296,229,225,230,236,331,515,279,457,309
Csrnp3,0,5,3,4,3,4,3,0,0,4,0,5
Col5a1,36909,29104,29498,26416,34022,30653,40873,49410,67269,35152,68753,32403
Macrod2,72,74,70,44,82,66,84,62,82,43,94,71
Gtf3c5,1218,1323,1089,879,900,851,920,1034,1106,502,1740,1237
Gtf3c4,1398,1485,1472,1052,1194,1015,1264,1485,1778,918,2027,1500
Coq4,183,207,162,155,119,131,147,184,264,156,298,202
Ttll11,25,21,29,11,10,16,5,18,28,19,38,21
Pxmp4,682,851,698,519,573,583,649,580,611,446,774,803
Mc3r,0,0,0,0,0,0,0,0,0,0,0,0
Endog,236,268,266,219,193,173,165,190,163,141,303,298
Tbr1,0,0,0,0,3,0,0,0,0,0,2,0
Gm561,115,175,137,107,124,118,140,126,132,107,175,173
Surf1,1249,1552,1251,971,1018,934,1036,936,836,746,1596,1478
Trpm7,2612,3145,2563,2134,2446,2209,2763,2678,2866,2403,4387,2919
AU015228,62,76,55,40,41,42,40,64,73,40,99,64
Surf4,8225,9203,8193,5744,7270,6218,7919,11563,13552,8285,19199,8656
Surf6,500,555,518,445,479,377,457,540,627,396,938,544
Katnbl1,366,447,343,323,415,333,439,388,424,365,568,406
Cops2,946,1189,986,688,1567,1002,909,1255,1376,945,1668,1048
Kcnq2,0,0,0,0,0,0,0,0,0,0,0,0
Bpifa2,642,531,442,257,611,177,385,276,297,140,167,361
Mir10b,0,0,0,0,0,0,0,0,0,0,0,0
Olfr1061,0,0,0,0,0,0,0,0,0,0,0,0
Il1rn,0,8,23,10,0,0,0,177,299,60,58,3
4930412B13Rik,0,0,0,0,0,0,0,0,0,0,0,0
Zfp106,5713,5962,5329,3934,4466,4418,5134,4889,5424,3852,8652,6039
Hck,17,10,0,5,3,4,12,33,67,48,123,4
Wipf1,2859,2667,2516,2278,1350,2521,2743,2149,2427,1805,3230,2884
Cobll1,373,386,400,296,254,286,250,248,341,215,486,471
Sel1l2,0,0,0,0,0,0,0,0,0,0,0,0
Ralgapb,2424,2748,2319,1929,2133,2006,2460,2150,2350,1796,3566,2663
Prex1,305,289,359,329,256,358,280,242,266,280,387,356
Ube2l6,1353,1823,1479,1036,1390,1197,1373,2293,2715,1958,3984,1690
Olfr348,0,0,0,0,0,0,0,0,0,0,0,0
Gm3230,31,30,14,25,22,21,29,11,13,12,23,24
Olfr346,0,0,0,0,0,0,0,0,0,0,0,0
Olfr345,0,0,0,0,0,0,0,0,0,0,0,0
Olfr344,0,0,0,0,0,0,0,0,0,0,0,0
Echdc3,266,271,183,171,206,139,179,160,155,127,234,228
Olfr342,0,0,0,0,0,0,0,0,0,0,0,0
Olfr341,0,0,0,0,0,0,0,0,0,0,0,0
Olfr340,0,0,0,0,0,0,0,0,0,0,0,0
Olfr1082,0,0,0,0,0,0,0,0,0,0,0,0
Olfr1080,0,0,0,0,0,0,0,0,0,0,0,0
Olfr1086,0,0,0,0,0,0,0,0,0,0,0,0
Olfr1087,0,0,0,0,0,0,0,0,0,0,0,0
Olfr1084,0,0,0,0,0,0,0,0,0,0,0,0
Olfr1085,0,0,0,0,0,0,0,0,0,0,0,0
D330023K18Rik,50,57,54,44,58,41,64,39,39,45,61,51
Cep250,1485,1827,1424,1383,1319,1161,1332,1162,1344,975,2197,1618
Sec61a2,600,738,540,575,587,518,614,715,624,524,1126,664
Mir297a-3,0,0,0,0,0,0,0,0,0,0,0,0
Mir297a-4,0,0,0,0,0,0,0,0,0,0,0,0
Dync1i2,2803,3119,2856,2015,2423,2275,2778,3025,3472,2351,5170,3187
E130215H24Rik,0,0,0,0,0,0,0,0,0,0,0,4
Rbms1,3721,3930,3704,2498,2416,2771,3037,3610,3913,2979,6681,4081
Ttn,3,9,7,0,2,2,2,4,8,3,5,10
Nnat,61,161,139,168,72,67,81,405,577,345,563,97
Jag1,300,532,532,519,449,563,618,402,514,370,622,625
Chst14,1650,1747,1618,1117,1375,1132,1399,1365,1502,1063,2023,1734
Hoxd1,0,0,0,0,0,0,0,0,0,0,0,0
0610039K10Rik,7,5,5,0,2,0,3,7,1,6,3,2
4930583P06Rik,0,0,0,0,0,0,0,0,0,0,0,0
Gm13547,0,0,0,0,0,0,0,0,0,0,0,0
Snord57,7,10,6,6,5,3,5,3,2,6,13,8
Gm13544,0,0,0,0,0,0,0,0,0,0,0,0
Pex16,434,502,411,369,386,363,339,382,358,288,663,530
Nek6,752,721,659,505,655,528,726,1699,2053,1276,3118,666
Bloc1s6,521,645,547,424,444,393,441,561,709,456,917,631
A330069E16Rik,9,16,7,11,6,10,12,12,7,10,22,12
Ypel4,150,150,159,147,122,133,93,68,35,54,75,174
Zmynd8,2567,2540,2178,1977,1848,1666,1847,2136,2607,1735,3598,2443
Eif3m,1571,2057,1754,1262,1678,1507,1689,2080,2287,1597,3355,1905
Gm14057,76,90,62,69,88,80,89,57,75,23,98,70
Prnp,3941,5457,4778,3833,3983,3889,4114,3200,3248,2382,4391,4855
Fer1l4,0,0,0,0,0,0,0,0,0,0,0,0
Olfr1269,0,0,0,0,0,0,0,0,0,0,0,0
4931402G19Rik,0,0,0,0,0,0,0,0,0,0,0,0
Atp8b4,3,25,14,5,6,4,9,11,18,10,29,9
Olfr1262,0,0,0,0,0,0,0,0,0,0,0,0
Olfr1263,0,0,0,0,0,0,0,0,0,0,0,0
Olfr1260,0,0,0,0,0,0,0,0,0,0,0,0
Olfr1261,0,0,0,0,0,0,0,0,0,0,0,0
Snord14a,1,0,0,1,1,1,2,1,2,1,3,1
Olfr1264,0,0,0,0,0,0,0,0,0,0,0,0
Olfr1265,0,0,0,0,0,0,0,0,0,0,0,0
Paupar,0,0,0,0,0,0,0,0,0,0,0,0
F2,0,0,0,0,0,0,0,0,0,0,0,0
Gm13889,11860,8998,8407,6919,7415,7671,7701,6665,3838,4164,14564,9442
Chn1os3,19,23,16,16,22,15,21,22,27,37,59,13
Bpifa3,0,0,0,0,0,0,0,0,0,0,0,0
Olfr1062,0,0,0,0,0,0,0,0,0,0,0,0
Bpifa1,236,288,500,4,184,710,42,217,187,0,218,195
Bpifa6,0,0,0,0,0,0,0,0,0,0,0,0
Olfr1065,0,0,0,0,0,0,0,0,0,0,0,0
Olfr1066,0,0,0,0,0,0,0,0,0,0,0,0
Bpifa5,0,0,0,0,0,0,0,0,0,0,0,0
Fbxo3,2053,2377,1969,1349,1813,1615,1741,1644,1818,1468,2628,2176
Mroh8,0,0,0,0,0,0,0,0,0,0,0,0
Msrb2,503,616,500,418,503,337,445,326,272,224,430,533
Ass1,26,24,8,31,22,21,128,24,32,66,30,89
Gyltl1b,0,0,0,0,0,0,0,0,3,0,0,0
Wfdc9,0,0,0,0,0,0,0,0,0,0,0,0
Phactr3,0,0,0,0,0,3,2,0,3,0,0,0
6720416L17Rik,0,0,0,0,0,0,0,0,0,0,0,0
Dclre1c,222,290,218,86,168,146,186,218,209,92,411,230
Cbln4,0,0,0,0,0,0,0,0,0,0,0,0
Osbpl2,1131,1231,1036,896,962,892,983,939,1033,771,1486,1325
Pla2g4b,0,3,0,47,0,0,0,0,0,0,0,0
5330411J11Rik,0,0,0,0,0,0,0,0,0,0,0,0
Osbpl6,584,557,520,395,473,511,509,335,396,276,516,566
Pla2g4f,0,0,0,0,0,0,2,3,0,0,0,0
Nkx2-4,0,0,0,0,0,0,0,0,0,0,0,0
Pla2g4d,0,0,0,0,0,0,0,0,0,0,0,0
Pygb,2234,2485,2381,2070,2389,2117,2449,1997,2464,1450,2908,2727
Gm826,2,6,5,4,6,4,3,0,0,0,5,4
Psd4,0,8,6,6,0,0,0,3,14,5,19,5
Sapcd2,0,0,0,0,0,0,6,27,96,51,51,0
4930412O13Rik,0,3,0,0,0,0,0,0,0,0,0,0
Apmap,1381,1746,1358,946,1205,934,1146,1334,1354,1023,1967,1567
Oip5,13,16,8,14,10,14,13,43,67,42,61,30
Snora17,2,2,0,3,1,2,0,0,1,3,5,1
Tnfaip6,1651,3470,2588,2539,2222,2848,3060,3423,2762,2572,4808,2845
Oser1,749,1005,841,577,763,665,728,782,752,517,1165,862
D430041D05Rik,746,843,763,487,618,481,688,562,565,568,854,694
Olfr367-ps,0,0,0,0,0,0,0,0,0,0,0,0
Pmpca,1322,1703,1345,1116,1235,1070,1261,1526,1919,1150,2520,1465
Actc1,11,0,15,17,16,14,6,3,13,0,0,15
Flrt3,24,94,59,29,52,29,35,26,96,36,43,94
Acss2os,0,0,0,0,0,0,0,0,0,0,0,0
Ssb,2211,2676,2186,1842,2190,1843,2316,2572,3324,2201,4431,2372
4930405A21Rik,0,3,0,0,0,0,0,0,3,0,0,0
Cat,3114,3694,3105,2412,2590,2369,2769,2428,2527,1838,3735,3526
Ly75,4,2,5,0,0,0,2,34,97,23,80,3
Adal,483,482,360,296,412,353,402,389,377,221,484,452
Exosc2,364,557,425,341,342,262,398,449,601,330,775,508
Zeb2,6603,10321,6882,5964,5840,6629,7269,6139,6940,5961,11264,9741
Fam98b,652,715,624,496,587,485,530,744,858,529,1053,655
Ifih1,996,1244,972,781,875,820,869,1340,1656,1302,2789,1199
Prn,0,3,7,0,2,0,6,6,0,2,0,6
Usp50,0,0,0,0,0,0,2,0,0,0,0,0
Sp3os,121,134,99,82,95,101,109,89,68,57,117,153
Rnf224,0,0,0,0,0,0,0,0,0,0,0,0
Ccdc34os,0,0,0,0,0,0,0,0,0,0,0,0
Fam163b,3,0,0,0,3,0,2,6,28,3,16,0
Asxl1,1790,1966,1718,1649,1599,1321,1543,1544,2006,1497,3296,2011
Ism1,13346,13754,12235,8335,10902,9138,12085,12048,11755,11979,21961,12561
Gm13315,364,422,370,259,387,222,328,499,685,362,835,361
Dll4,47,34,14,20,22,53,0,40,23,11,63,85
Tmem87b,1849,2214,1849,1522,1773,1646,1841,1590,1570,1545,3366,2082
Tmem87a,696,861,794,472,621,628,621,664,713,529,1099,828
Hipk3,3936,3453,3200,2840,3909,3836,3572,3588,3887,3005,5189,4517
Srxn1,1402,1948,1590,1154,1272,1103,1397,1341,1273,930,2075,1675
Gpr155,886,927,787,552,692,765,672,533,457,467,878,897
Olfr228,0,0,0,0,0,0,0,0,0,0,0,0
Gpr158,0,0,0,0,0,0,0,0,0,0,0,0
Scrt2,0,0,0,0,0,0,0,0,0,0,0,0
Rpn2,12824,15689,13131,9637,11048,9095,11655,13828,15812,10862,21892,14323
AA543186,12,20,13,7,4,11,4,9,7,8,23,16
Mrrf,499,627,495,385,473,430,435,525,581,377,828,577
Gm6793,0,0,0,0,0,0,0,0,0,0,0,0
Depdc7,20,26,20,0,8,8,15,9,17,17,14,13
Tmem189,692,757,648,515,621,559,733,868,1046,573,1173,661
Mir124a-3,0,0,0,0,0,0,0,0,0,0,0,0
Zfp335,1563,1531,1299,1281,1283,1055,1312,1282,1396,986,2426,1488
Commd9,423,583,447,381,382,362,432,524,573,376,770,503
Etl4,385,513,413,311,340,319,359,345,466,278,428,455
Ssrp1,3537,4486,3751,2787,2908,2606,3209,4037,5475,3042,6626,4049
Commd3,815,1153,966,755,881,718,911,1073,1221,831,1627,1007
Commd7,864,1024,815,650,860,609,792,893,963,550,1307,952
Mir181b-2,0,0,0,0,0,0,0,0,0,0,0,0
Olfr358,0,0,0,0,0,0,0,0,0,0,0,0
Olfr354,0,0,0,0,0,0,0,0,0,0,0,0
Olfr355,0,0,0,0,0,0,0,0,0,0,0,0
Olfr356,0,0,0,0,0,0,0,0,0,0,0,0
Olfr357,0,0,0,0,0,0,0,0,0,0,0,0
Olfr350,0,0,0,0,0,0,0,0,0,0,0,0
Olfr351,0,0,0,0,0,0,0,0,0,0,0,0
Olfr352,0,0,0,0,0,0,0,0,0,0,0,0
Olfr353,0,0,0,0,0,0,0,0,0,0,0,0
Olfr1095,0,0,0,0,0,0,0,0,0,0,0,0
Olfr1094,0,0,0,0,0,0,0,0,0,0,0,0
Olfr1097,0,0,0,0,0,0,0,0,0,0,0,0
Snhg11,24,182,107,118,19,21,17,36,25,13,89,179
Olfr1090,0,0,0,0,0,0,0,0,0,0,0,0
Olfr1093,0,0,0,0,0,0,0,0,0,0,0,0
Haus2,494,574,461,316,420,349,399,413,542,391,731,579
Olfr1098,0,0,0,0,0,0,0,0,0,0,0,0
2310002J15Rik,0,0,0,0,0,0,0,0,0,0,0,0
Nkx2-2,0,0,0,0,0,0,0,0,2,0,0,0
C130080G10Rik,0,0,0,0,0,0,2,0,0,0,0,0
Mmp24,0,0,0,0,0,2,0,3,0,2,3,0
Strbp,206,263,201,163,215,211,216,176,216,135,290,260
Bmf,2297,1770,1892,1476,1531,1436,1413,1219,1430,927,1869,2301
4921504E06Rik,0,0,0,0,0,0,0,0,0,0,0,0
Abi1,2212,2556,2112,1105,1188,1308,2138,2168,2277,1807,3682,2399
Ttll9,0,0,0,0,0,0,0,0,2,0,0,0
Ogfr,1053,1161,1011,948,976,892,941,1801,2451,1582,3733,1124
Emc7,1832,2312,1821,1317,1596,1381,1564,1811,1864,1445,3022,1977
9430019J16Rik,0,0,0,0,0,0,0,0,0,0,0,0
Mettl15,103,146,123,87,117,87,129,124,122,80,153,130
Mmadhc,1289,1752,1274,1011,1172,1047,1343,1442,1593,1012,2195,1468
1110051M20Rik,832,972,858,586,733,608,687,685,809,501,1046,957
OTTMUSG00000016609,0,0,0,0,0,0,0,0,0,0,856,0
Chn1,522,695,575,427,388,399,364,619,1351,750,1135,613
Spi1,10,11,8,0,9,6,8,16,8,16,35,5
Hdc,14,82,20,29,20,14,15,42,108,48,85,32
Hnmt,245,301,286,156,224,213,212,139,132,144,188,303
Myo3a,0,0,0,0,0,0,0,0,0,0,0,0
Myo3b,0,0,0,0,0,0,0,2,3,0,0,0
A230108P19Rik,0,0,0,0,0,0,0,0,0,0,0,0
Lnp,967,1193,928,691,939,838,813,817,840,699,1353,1079
Sardh,1704,1810,1482,1086,1507,1151,1460,2271,2785,1845,3503,1567
Rtfdc1,1871,2111,1828,1351,1562,1259,1559,1893,2079,1283,2978,2049
Mapre1,3204,4163,3189,2429,3293,2820,3577,3954,4487,3142,6074,3535
Morn5,0,0,0,0,0,0,0,0,7,3,7,0
Sestd1,2471,2937,2260,2051,2293,2005,2468,1852,1992,1429,3173,2820
Astl,0,0,0,0,0,0,0,0,0,0,0,0
Sirpa,3586,3838,3696,2996,3697,2885,4227,3703,4229,2595,7039,4016
Uckl1,855,937,785,670,709,593,694,742,743,503,1167,887
Rpp38,72,107,59,60,73,55,72,97,108,69,170,83
Olfr993,0,0,0,0,0,0,0,0,0,0,0,0
Atg13,1524,1715,1572,1210,1199,1198,1104,1398,1452,1012,2263,1740
Olfr1279,0,0,0,0,0,0,0,0,0,0,0,0
Olfr1278,0,0,0,0,0,0,0,0,0,0,0,0
Gtdc1,226,372,286,192,192,205,192,218,284,178,335,267
Olfr1275,0,0,0,0,0,0,0,0,0,0,0,0
Olfr1277,0,0,0,0,0,0,0,0,0,0,0,0
1700080N15Rik,0,0,0,0,0,0,0,0,0,0,0,0
Zbtb26,171,153,143,111,174,144,121,165,216,119,285,157
Olfr1270,0,0,0,0,0,0,0,0,0,0,0,0
1700028P15Rik,0,0,0,0,0,0,0,0,0,0,0,0
Olfr1079,0,0,0,0,0,0,0,0,0,0,0,0
4930568D16Rik,0,0,0,0,0,0,0,0,0,0,0,0
Asb6,822,816,711,662,708,630,718,786,840,504,1234,761
D930015M05Rik,0,0,0,0,0,0,0,0,0,0,0,0
Olfr1076,0,0,0,0,0,0,0,0,0,0,0,0
Otud1,916,874,772,697,694,682,738,503,472,379,800,1061
Gm14461,0,0,0,0,0,0,0,0,0,0,0,0
Stamos,0,5,0,6,0,0,0,5,0,0,11,0
4930473A02Rik,0,0,0,0,0,0,0,0,0,0,0,0
Rprm,0,3,2,7,0,0,1,3,3,2,1,2
Mir466b-2,0,0,0,0,0,0,0,0,0,0,0,0
Mir466b-3,0,0,0,0,0,0,0,0,0,0,0,0
Gm11468,0,0,0,0,0,0,0,0,0,0,0,0
Gm6307,0,0,0,0,0,0,0,0,0,0,0,0
Ap4e1,714,899,719,650,640,600,620,613,685,548,1161,778
Siglec1,0,0,0,0,0,0,0,0,0,0,10,0
Slc1a2,326,271,259,177,156,245,158,256,166,154,268,330
Vps39,1817,1554,1805,1466,1497,1362,1485,1557,1544,1136,1534,2198
Dlgap4,4089,4010,3664,3569,3734,3284,3893,3578,3639,2603,6685,4039
Casc4,4709,4767,3681,2291,4051,3400,4165,2771,2682,2558,4004,3980
Mir219-2,0,0,0,0,0,0,0,0,0,0,0,0
Cyp24a1,0,0,0,0,0,0,0,0,0,0,0,0
Smox,651,719,688,503,628,573,602,515,582,360,715,729
Olfr1039,0,0,0,0,0,0,0,0,0,0,0,0
Zfp770,280,351,242,223,269,186,184,210,257,191,330,276
Ubr1,2103,2704,2107,1564,1833,1751,2033,1807,1922,1528,3095,2511
Gpr21,3,6,1,2,7,2,0,3,4,5,5,7
Fam188a,591,700,613,485,538,463,559,699,721,464,1152,570
Rhov,0,0,0,0,0,0,0,0,0,0,0,0
C1qtnf4,43,36,24,19,39,21,29,18,11,14,25,34
Fut7,3,7,3,0,0,0,0,0,2,0,2,2
Dnajc17,181,245,202,162,139,134,159,151,171,144,310,226
Dnajc10,4897,6369,5448,3699,4526,4091,4370,4896,5871,3817,6970,5814
Mall,0,0,0,0,0,4,0,2,0,0,2,0
9130015L21Rik,0,0,0,0,0,0,0,0,0,0,0,0
Spg11,2335,2618,2019,1715,1930,1723,2133,1696,1800,1398,2824,2415
Cutal,225,177,140,103,147,152,148,102,65,58,128,181
Mir8093,3,2,1,2,2,1,1,1,1,2,2,1
Sec23b,1382,1608,1440,1007,1302,1046,1429,1699,1812,1187,3361,1432
Slc2a8,978,1005,897,721,766,618,628,604,644,455,996,972
Nelfb,2010,2304,2107,1687,1925,1485,1785,1838,2161,1322,2895,2260
Slc2a6,0,4,6,5,0,0,0,22,33,28,90,0
Pamr1,9177,12018,11364,7856,9270,6863,8381,5100,4614,4350,7820,11002
G6pc2,0,0,0,0,0,0,0,0,0,0,0,0
Mir669a-2,0,0,0,0,0,0,0,0,0,0,0,0
Mir669a-3,0,0,0,0,0,0,0,0,0,0,0,0
Pcsk2os1,0,0,0,0,0,0,0,0,0,0,0,0
Pcsk2os2,0,0,0,0,0,0,0,0,0,0,0,0
Plcb1,323,387,299,209,236,258,233,301,293,197,390,429
Plcb2,4,7,3,4,0,5,3,2,9,3,12,0
Plcb4,498,670,548,469,403,465,499,483,483,352,832,687
Duox1,7,7,14,30,9,5,15,0,3,4,0,27
Duox2,0,0,0,0,0,0,0,0,0,0,0,0
Dbhos,0,0,0,0,0,0,0,0,0,2,2,0
Acot8,212,234,218,178,178,157,174,216,255,144,325,243
Zhx3,2390,1948,1882,1348,1599,1765,1951,1305,1357,1216,2069,2247
2810408M09Rik,455,521,429,376,382,305,375,382,426,266,597,456
Lamc3,2011,2336,2999,2078,1820,1860,1739,1136,1239,750,1849,2462
4921509C19Rik,0,2,0,0,0,0,0,0,0,0,0,0
Dbndd2,489,605,557,454,477,452,492,571,611,416,981,640
E130018N17Rik,7,0,0,0,0,3,0,4,3,2,2,0
Cd93,283,224,184,112,125,317,70,271,127,122,686,459
Ola1,706,943,715,522,624,572,716,915,1110,795,1365,769
Angptl2,8721,8698,8810,7113,7334,7371,7412,6422,7063,5151,7315,9706
Mir499,0,0,0,0,0,0,0,0,0,0,0,0
Qrfp,0,0,0,0,0,0,0,0,0,0,0,0
4932414N04Rik,0,0,0,0,0,0,0,0,0,0,0,0
4930528P14Rik,0,0,0,0,0,0,0,0,0,0,0,0
Apip,369,520,414,328,377,262,365,534,598,424,989,526
Eid1,2943,3489,3134,2031,3209,2413,2882,2865,3129,2051,3721,3129
Kcna4,0,0,0,0,0,0,0,0,0,0,0,0
Gata5,2883,2610,1766,1474,2406,1503,2013,2148,2436,1917,4055,2196
Gata3,5,18,0,0,0,2,5,5,6,3,9,4
2310001K24Rik,0,1,1,3,1,0,4,1,0,0,2,0
Src,1884,1457,1405,1423,1610,1286,1507,2031,2109,1756,3428,1779
Ccdc173,47,78,51,52,41,35,45,50,51,17,69,57
Olfr1116-ps,0,0,0,0,0,0,0,0,0,0,0,0
Fibcd1,0,0,0,0,0,0,0,0,0,2,0,0
Olah,0,0,0,0,0,0,0,0,0,0,0,0
Kcns1,0,0,0,0,0,0,0,0,2,0,3,0
Api5,2361,2699,2238,1588,2148,1855,2054,2696,3093,1995,3993,2436
Rasgrp1,3,5,3,0,0,3,3,3,0,5,15,0
Zak,3796,4109,3335,2636,3296,2560,3070,2638,2717,2000,4179,3770
Lypd6b,0,0,3,0,0,0,0,0,0,0,0,0
Nfs1,792,1012,861,691,724,667,733,783,937,570,1345,918
2700094K13Rik,286,309,267,202,226,210,202,611,1088,478,723,309
Olfr1173,0,0,0,0,0,0,0,0,0,0,0,0
2900097C17Rik,9747,10413,8928,6720,9832,7524,8449,7735,8629,6102,11994,9887
4933433C11Rik,0,10,0,0,4,0,15,0,2,0,2,0
Snord90,0,0,0,0,0,0,0,0,0,0,0,0
Tldc2,0,0,0,0,0,0,0,0,0,0,0,0
Fastkd1,249,277,207,194,239,200,262,209,207,160,377,215
Olfr368,0,0,0,0,0,0,0,0,0,0,0,0
Olfr361,0,0,0,0,0,0,0,0,0,0,0,0
Olfr360,0,0,0,0,0,0,0,0,0,0,0,0
Olfr362,0,0,0,0,0,0,0,0,0,0,0,0
Olfr365,0,0,0,0,0,0,0,0,0,0,0,0
Olfr366,0,0,0,0,0,0,0,0,0,0,0,0
Mir6339,0,0,0,0,0,0,0,0,0,0,0,0
Mir6337,0,0,0,0,0,0,0,0,0,0,0,0
Mir6336,0,0,0,0,0,0,0,0,0,0,0,0
Mir6335,0,0,0,0,1,0,0,0,0,0,0,0
Ncs1,267,348,322,304,328,302,401,478,791,332,704,371
Glt6d1,0,0,0,0,0,0,0,0,0,0,0,0
Cytip,3,18,5,3,4,10,5,7,7,14,27,10
Olfr141,0,0,0,0,0,0,0,0,0,0,0,0
Olfr140,0,0,0,0,0,0,0,0,0,0,0,0
Olfr142,0,0,0,0,0,0,0,0,0,0,0,0
Calcrl,476,590,497,305,344,528,200,604,537,291,965,852
Atp9a,1413,1429,1463,1221,1384,1383,1426,1016,1076,805,1610,1613
Mir7685,0,0,0,0,0,0,0,0,0,0,0,0
Myh7b,0,0,0,0,3,0,0,0,0,0,0,0
Lrsam1,910,1054,837,741,752,610,631,699,714,463,987,994
Ccm2l,25,32,15,10,13,22,2,14,8,8,55,39
Ube2c,12,9,8,4,22,3,30,164,502,236,270,14
Slc5a12,2,2,0,0,0,0,0,5,0,0,0,9
Arrdc1,267,332,267,300,321,248,276,270,319,221,500,343
Cdnf,109,116,87,63,77,75,80,55,52,54,55,87
Map1a,1550,1690,1656,1481,1640,1452,1752,2092,2729,1455,3061,1753
Lin7c,1224,1521,1109,866,1211,1061,1108,1185,1213,992,1657,1264
Fjx1,50,52,60,68,65,74,61,97,119,84,141,85
Jmjd7-pla2g4b,299,347,277,275,379,307,342,232,258,143,418,322
Fshb,0,0,0,0,0,0,0,0,0,0,0,0
Sord,1240,1645,1454,1132,1292,1209,1310,819,904,856,1236,1566
Dcaf17,469,534,425,423,396,352,385,435,530,359,768,546
C8g,26,12,18,6,10,22,8,24,9,10,41,31
Elp4,359,447,317,225,272,239,298,350,392,256,495,372
Duoxa1,2,19,7,14,6,20,5,0,0,10,4,22
1500012F01Rik,453,763,686,470,507,433,575,714,844,605,1602,640
Duoxa2,0,0,0,0,0,0,0,0,0,0,0,0
Sephs1,1311,1383,1241,940,1183,1016,1102,1268,1461,947,1734,1322
Zfp831,0,0,0,0,0,0,0,0,2,0,2,0
Olfr1280,0,0,0,0,0,0,0,0,0,0,0,0
Olfr1281,0,0,0,0,0,0,0,0,0,0,0,0
Olfr1282,0,0,0,0,0,0,0,0,0,0,0,0
Olfr1283,0,0,0,0,0,0,0,0,0,0,0,0
5330413P13Rik,0,0,0,0,0,0,0,0,0,0,0,0
Olfr1286,0,0,0,0,0,0,0,0,0,0,0,0
Olfr1287,0,0,0,0,0,0,0,0,0,0,0,0
Olfr1288,0,0,0,0,0,0,0,0,0,0,0,0
Olfr1289,0,0,0,0,0,0,0,0,0,0,0,0
Thbs1,143285,191797,117906,82756,109057,124729,133667,148975,159826,120229,266033,130113
Zbtb34,528,511,452,358,469,381,476,483,518,369,844,521
Brd3,2143,2035,1877,1680,1844,1766,1944,1747,2088,1279,2813,2217
Olfr1048,0,0,0,0,0,0,0,0,0,0,0,0
Olfr1049,0,0,0,0,0,0,0,0,0,0,0,0
Olfr1046,0,0,0,0,0,0,0,0,0,0,0,0
Olfr1047,0,0,0,0,0,0,0,0,0,0,0,0
Olfr1044,0,0,0,0,0,0,0,0,0,0,0,0
Olfr1045,0,0,0,0,0,0,0,0,0,0,0,0
Sys1,711,756,679,576,580,546,606,735,873,534,1136,819
Olfr1043,0,0,0,0,0,0,0,0,0,0,0,0
Olfr1040,0,0,0,0,0,0,0,0,0,0,0,0
6430550D23Rik,15,19,0,12,19,6,12,13,13,18,31,15
Gm14327,0,4,0,0,0,0,0,0,0,0,10,8
Gm14326,778,934,672,418,619,391,631,620,750,537,1183,688
Gm14325,1054,1320,914,716,980,669,895,973,1138,772,1697,1016
Gm14322,972,1071,808,657,792,564,537,712,737,587,1403,819
Tbpl2,0,0,0,0,0,0,0,0,0,0,0,0
Ttc21b,777,972,773,551,639,652,648,731,763,579,1048,915
Manbal,843,1128,1019,686,743,689,864,893,845,715,1418,1043
Rsu1,2630,3197,2694,2010,2445,2131,2675,2852,3037,2309,4429,2960
Phf20,1263,1344,1263,931,1071,1012,1033,1061,1140,792,1667,1440
2310005A03Rik,0,0,0,0,0,0,0,0,0,0,0,0
Tasp1,304,380,313,243,314,287,292,319,385,317,627,350
Ndufaf5,202,244,215,168,177,136,184,207,290,157,394,186
Itgb6,5,4,4,2,3,3,3,6,7,0,9,0
Fap,215,458,414,501,376,380,512,335,414,220,372,443
Grb14,185,166,189,151,137,145,160,260,296,276,606,193
Snph,5,0,2,7,8,5,0,3,2,0,7,3
Pigt,2564,2462,2111,1782,2390,1852,2138,2971,3762,2216,4392,2435
Pdcl,997,1232,923,630,882,800,813,862,936,636,1269,1095
Cybrd1,128,108,168,95,130,146,101,70,89,50,86,224
Tcf15,33,19,17,24,17,8,17,6,8,0,30,22
Cst12,0,0,0,0,0,0,0,0,0,0,0,0
Gm13939,0,0,0,0,0,0,0,0,0,0,0,0
Kif5c,0,13,3,13,3,4,6,13,15,4,15,10
Pabpc1l,4,8,0,4,2,0,0,10,7,5,31,0
Zfp408,403,399,329,336,305,278,330,382,448,309,667,391
Ttbk2,1086,1263,1055,846,1099,1038,1135,1025,944,743,1602,1153
Tmx4,1447,1804,1649,1077,1470,1466,1357,1229,1345,946,1861,1846
Tmx2,1542,1954,1562,985,1379,1029,1184,1556,1607,1017,2095,1709
Tor2a,923,907,901,790,939,762,793,1063,1220,685,1566,975
6330409D20Rik,0,0,0,0,0,0,0,0,0,0,0,0
Trp53rk,210,189,171,142,152,103,157,141,199,103,254,189
Efcab8,0,0,0,0,0,0,0,0,0,0,0,0
A730017L22Rik,81,98,80,96,108,70,76,100,101,68,144,81
Nxph2,0,0,0,0,0,0,0,0,0,0,0,0
Cdc123,930,1233,1044,757,889,776,922,1091,1286,898,1619,1147
Smtnl1,0,0,0,0,0,0,0,0,0,0,0,0
Olfr1242,0,0,0,0,0,0,0,0,0,0,0,0
4930591A17Rik,0,0,0,0,0,0,0,0,0,0,0,0
Zer1,2321,2296,1937,1737,1968,1652,1698,1502,1536,1180,2544,2356
Cbfa2t2,1366,1402,1246,947,1214,1039,1274,1032,1206,861,1851,1370
Ttc17,1682,1775,1588,1176,1306,1278,1493,1571,1612,1199,2603,1747
Ttc16,12,5,10,10,9,10,6,7,7,4,25,12
Ankef1,0,5,7,5,0,4,2,0,7,3,6,10
Gm1322,0,0,0,0,0,0,0,0,0,0,0,0
Gm1631,0,0,0,0,0,0,0,0,0,0,0,0
Fsip1,0,0,0,0,0,0,0,0,0,0,5,0
Idh3b,2187,2981,2385,1844,1997,1828,1934,2291,2456,1640,3621,2535
Arhgap40,0,0,0,0,0,0,0,0,0,0,0,0
4930547E08Rik,0,0,0,0,0,0,0,0,0,0,0,0
Gm17762,21,16,16,16,26,14,11,16,27,8,40,19
Cd82,7370,11504,9754,6167,5655,7211,8129,8457,4717,6187,13469,6799
Gm5535,0,0,0,0,0,0,0,0,0,0,0,0
Gbgt1,70,76,77,82,65,72,63,56,68,66,91,96
Zeb2os,177,204,194,145,167,134,189,150,157,96,253,230
Egfl7,172,145,125,84,97,178,50,168,121,80,369,264
Taf4a,961,954,826,792,828,774,976,674,798,554,1373,908
Rprd1b,1412,1565,1412,966,1127,955,1188,1319,1403,1028,1870,1429
Bmyc,628,646,538,481,562,464,468,376,366,312,524,691
Trpc4ap,4076,4411,3942,3337,3835,3282,3599,4030,4630,3077,6720,4526
Zc3h8,79,102,111,59,74,70,86,70,104,65,157,87
1810024B03Rik,0,5,0,0,2,0,0,0,0,0,0,0
Pfdn4,216,331,246,206,212,176,169,247,340,227,410,266
Sohlh1,0,3,0,0,0,0,0,0,0,0,0,0
Zc3h6,492,813,577,449,348,419,353,308,291,312,489,706
Gm711,0,0,0,0,0,0,0,0,0,0,0,0
Kcnb1,2580,2351,1852,1393,2359,1677,2087,1348,1352,1094,2155,2348
Ndor1,1375,1491,1275,1202,1088,999,1011,1091,1087,757,1821,1480
Wfdc6a,15,0,8,5,11,5,0,9,0,0,9,7
Wfdc6b,0,0,8,0,0,0,2,4,0,0,8,0
4930430A15Rik,0,0,0,0,0,0,0,0,0,0,0,0
Kcnt1,0,0,0,0,0,0,0,0,0,2,0,0
Arfrp1,1188,1371,1111,956,1023,866,962,807,844,561,1422,661
Tmem210,0,0,0,0,0,0,0,0,0,0,0,0
B230312C02Rik,0,0,0,0,0,0,0,0,0,0,0,0
Chchd5,173,238,174,157,153,169,140,191,231,180,276,227
Clp1,300,452,413,311,317,297,371,336,298,229,442,448
Lmo2,302,641,510,719,487,527,554,428,414,322,595,720
Mir467b,0,0,0,0,0,0,0,0,0,0,0,0
Atrn,2631,2664,2506,1790,2151,2086,2425,2164,2419,1677,3703,2762
Bpifb9b,0,0,0,0,0,0,0,0,0,0,0,0
Bpifb9a,0,0,0,0,0,0,0,0,0,0,0,0
Knstrn,29,51,46,30,28,24,48,412,671,319,593,40
Meig1,0,0,0,0,0,0,0,0,0,0,0,0
Noxa1,0,0,0,0,0,0,0,0,0,0,0,0
Pin1rt1,156,163,133,120,146,118,154,172,215,142,271,171
Ppp6c,774,906,682,542,699,645,735,880,1028,707,1365,832
Ivd,3841,4441,3281,2511,2718,2770,2231,2721,2436,1671,3762,4130
Samhd1,3512,3644,3099,2717,3104,2727,3352,4747,5597,4958,11797,3594
St8sia6,4,16,5,4,0,6,0,8,5,5,4,17
Slc38a11,0,0,0,0,0,0,0,0,0,0,0,0
Tanc1,2489,2598,2279,1643,1842,1730,1878,2302,2457,1931,3863,2623
Itpka,21,41,22,21,17,14,16,26,15,3,26,36
Itih2,211,266,305,245,299,279,343,117,131,97,136,322
Itih5,1331,3013,2381,2764,2062,2082,2342,1683,2201,1142,1462,3541
4930545L23Rik,0,0,0,0,0,0,0,0,0,0,0,0
Nelfcd,886,1041,747,677,742,612,767,875,1102,713,1496,972
Psmd14,877,1229,906,669,859,672,923,1346,1624,1185,2409,993
Dolpp1,429,417,366,320,397,301,376,414,474,304,593,408
Neurod1,0,0,0,0,0,0,0,0,0,0,0,0
Thnsl1,136,223,153,113,138,128,115,130,131,102,143,157
Olfr152,0,0,0,0,0,0,0,0,0,0,0,0
Olfr153,0,0,0,0,0,0,0,0,0,0,0,0
Lcmt2,884,1209,720,659,638,835,899,561,503,325,713,910
Olfr154,0,0,0,0,0,0,0,0,0,0,0,0
Lmx1b,0,0,0,0,0,0,0,0,0,0,0,0
Defb45,0,0,0,0,0,0,0,0,0,0,0,0
Rnd3,3250,4453,3440,2505,2838,2872,3362,3233,3109,2805,5378,3742
Mapkbp1,1123,1399,1034,1070,1076,899,1087,1019,1346,900,1891,1211
Cass4,1886,1627,1280,957,1104,1135,1287,1285,1109,769,1881,1769
Ppp2r4,3346,3931,3327,2569,2874,2453,2780,3735,4310,2637,5773,3728
Swi5,2513,3563,2837,2070,2263,2110,2504,3006,2649,1590,4468,2080
Pomt1,1567,1724,1369,1131,1376,1072,1291,1144,1203,661,1666,1604
Bmp7,411,473,412,351,356,401,306,288,215,133,332,584
Qser1,1330,1589,1303,1090,1351,1275,1460,1429,1669,1126,2109,1517
Gm14204,0,0,0,0,0,0,0,0,0,0,0,0
Bmp2,195,326,256,304,220,249,219,146,147,88,227,363
Gm14207,0,0,0,0,0,0,0,0,0,0,0,0
Il1bos,0,0,0,0,0,0,0,0,0,0,0,0
Rxra,4464,4105,3923,3063,3574,3269,3606,3472,3942,2696,5702,4397
1110008F13Rik,991,1121,869,764,877,772,951,1227,1439,871,1967,1040
9030204H09Rik,0,0,0,0,0,0,0,0,0,0,0,0
Tmem141,87,136,114,79,107,75,89,130,126,74,161,112
Chst1,500,688,530,436,370,391,353,460,416,198,484,803
Baz2b,2322,2637,2200,1781,1967,1770,2069,1720,1696,1445,3133,2625
